fiscal_year,Customer,EntitySizeCode,EntitySizeText,EntityCategory,AnyEntityUSplaceOfPerformance,IsEntityAbove1990constantReportingThreshold,IsEntityAbove2016constantReportingThreshold,EntityCount,AllContractorCount,SumOfNumberOfActions,SumOfObligatedAmount
1987,Defense,S,Always Small Vendor,PDuns,NULL,0,0,1,1,NULL,-171000
1988,Defense,B,Big Five,PID,NULL,1,1,2,2,NULL,694000
1988,Defense,L,Large Vendor,PID,NULL,1,1,9,9,NULL,2460000
1988,Defense,M,Medium Vendor,PDuns,NULL,0,0,3,3,NULL,-138330
1988,Defense,M,Medium Vendor,PDuns,NULL,1,1,10,10,NULL,575000
1988,Defense,M,Medium Vendor,PID,NULL,1,1,2,2,NULL,-65000
1988,Defense,N,Sometimes Small Vendor,PDuns,NULL,1,1,1,5,NULL,521000
1988,Defense,S,Always Small Vendor,PDuns,NULL,0,0,2,2,NULL,1447000
1988,Defense,S,Always Small Vendor,PDuns,NULL,1,1,5,5,NULL,2159000
1989,Defense,B,Big Five,PDuns,NULL,1,1,4,5,NULL,112109000
1989,Defense,B,Big Five,PID,NULL,1,1,5,5,NULL,79809000
1989,Defense,L,Large Vendor,PDuns,NULL,1,1,5,10,NULL,9983000
1989,Defense,L,Large Vendor,PID,NULL,1,1,33,33,NULL,250590000
1989,Defense,M,Medium Vendor,PDuns,NULL,0,0,9,9,NULL,921000
1989,Defense,M,Medium Vendor,PDuns,NULL,0,1,1,1,NULL,44000
1989,Defense,M,Medium Vendor,PDuns,NULL,1,1,306,1042,NULL,681605000
1989,Defense,M,Medium Vendor,PID,NULL,0,0,1,1,NULL,-595000
1989,Defense,M,Medium Vendor,PID,NULL,1,1,37,37,NULL,297765975
1989,Defense,N,Sometimes Small Vendor,PDuns,NULL,1,1,22,31,NULL,63842000
1989,Defense,N,Sometimes Small Vendor,PID,NULL,1,1,1,1,NULL,1097000
1989,Defense,S,Always Small Vendor,PDuns,NULL,0,0,8,8,NULL,-1726029
1989,Defense,S,Always Small Vendor,PDuns,NULL,1,1,269,274,NULL,137886000
1989,Defense,S,Always Small Vendor,PID,NULL,1,1,13,13,NULL,3353000
1990,Defense,NULL,NULL,PID,NULL,NULL,NULL,4,4,NULL,34898000
1990,Defense,B,Big Five,PDuns,NULL,1,1,5,22,NULL,272499000
1990,Defense,B,Big Five,PID,NULL,0,0,1,1,NULL,-35000
1990,Defense,B,Big Five,PID,NULL,1,1,5,5,NULL,15869067707
1990,Defense,J,Large: Big 5 JV,PID,NULL,1,1,1,1,NULL,103874000
1990,Defense,L,Large Vendor,PDuns,NULL,1,1,29,18262,NULL,12190476236
1990,Defense,L,Large Vendor,PID,NULL,0,0,1,1,NULL,NULL
1990,Defense,L,Large Vendor,PID,NULL,1,1,106,106,NULL,47887446888
1990,Defense,M,Medium Vendor,PDuns,NULL,0,0,111,113,NULL,-9543000
1990,Defense,M,Medium Vendor,PDuns,NULL,0,1,4,5,NULL,-1236000
1990,Defense,M,Medium Vendor,PDuns,NULL,1,1,3859,6155,2,10698341964
1990,Defense,M,Medium Vendor,PID,NULL,0,0,1,1,NULL,-1137000
1990,Defense,M,Medium Vendor,PID,NULL,0,1,1,1,NULL,34000
1990,Defense,M,Medium Vendor,PID,NULL,1,1,182,182,NULL,11734930493
1990,Defense,N,Sometimes Small Vendor,PDuns,NULL,0,0,16,16,NULL,-16815000
1990,Defense,N,Sometimes Small Vendor,PDuns,NULL,0,1,1,1,NULL,-943000
1990,Defense,N,Sometimes Small Vendor,PDuns,NULL,1,1,1889,4579,NULL,12428768708
1990,Defense,N,Sometimes Small Vendor,PID,NULL,1,1,109,109,NULL,4833639734
1990,Defense,S,Always Small Vendor,PDuns,NULL,0,0,107,107,NULL,-22822000
1990,Defense,S,Always Small Vendor,PDuns,NULL,0,1,13,13,NULL,941000
1990,Defense,S,Always Small Vendor,PDuns,NULL,1,1,3597,3857,1,3493644675
1990,Defense,S,Always Small Vendor,PID,NULL,0,0,1,1,NULL,0
1990,Defense,S,Always Small Vendor,PID,NULL,1,1,70,70,NULL,854098000
1991,Defense,NULL,NULL,PID,NULL,NULL,NULL,3,3,NULL,84985940
1991,Defense,B,Big Five,PDuns,NULL,1,1,2,16,NULL,313791000
1991,Defense,B,Big Five,PID,NULL,1,1,6,6,NULL,18455984964
1991,Defense,J,Large: Big 5 JV,PID,NULL,1,1,2,2,NULL,337699000
1991,Defense,L,Large Vendor,PDuns,NULL,1,1,38,145,2,544358040
1991,Defense,L,Large Vendor,PID,NULL,1,1,110,110,2,48049538264
1991,Defense,M,Medium Vendor,PDuns,NULL,0,0,24,24,NULL,-2562208
1991,Defense,M,Medium Vendor,PDuns,NULL,0,1,27,27,NULL,861678
1991,Defense,M,Medium Vendor,PDuns,NULL,1,1,2940,25153,NULL,28008030876
1991,Defense,M,Medium Vendor,PID,NULL,0,0,1,1,NULL,97000
1991,Defense,M,Medium Vendor,PID,NULL,0,1,1,1,NULL,26000
1991,Defense,M,Medium Vendor,PID,NULL,1,1,168,168,1,9176534454
1991,Defense,N,Sometimes Small Vendor,PDuns,NULL,0,0,3,5,NULL,-2072000
1991,Defense,N,Sometimes Small Vendor,PDuns,NULL,0,1,1,2,NULL,-1282000
1991,Defense,N,Sometimes Small Vendor,PDuns,NULL,1,1,1537,4364,NULL,15356856983
1991,Defense,N,Sometimes Small Vendor,PID,NULL,1,1,133,133,NULL,9044094924
1991,Defense,S,Always Small Vendor,PDuns,NULL,0,0,119,119,NULL,-95546380
1991,Defense,S,Always Small Vendor,PDuns,NULL,0,1,65,65,NULL,-12494025
1991,Defense,S,Always Small Vendor,PDuns,NULL,1,1,4563,4941,1,5817628873
1991,Defense,S,Always Small Vendor,PID,NULL,1,1,111,111,NULL,1077662461
1992,Defense,NULL,NULL,PID,NULL,NULL,NULL,4,4,NULL,22260165
1992,Defense,B,Big Five,PDuns,NULL,1,1,3,9,NULL,276029149
1992,Defense,B,Big Five,PID,NULL,1,1,6,6,4,18797646629
1992,Defense,J,Large: Big 5 JV,PID,NULL,1,1,3,3,NULL,609360462
1992,Defense,L,Large Vendor,PDuns,NULL,1,1,32,198,NULL,814518059
1992,Defense,L,Large Vendor,PID,NULL,1,1,120,120,8,42341941248
1992,Defense,M,Medium Vendor,PDuns,NULL,0,0,22,22,1,-7293296
1992,Defense,M,Medium Vendor,PDuns,NULL,0,1,45,45,NULL,979816
1992,Defense,M,Medium Vendor,PDuns,NULL,1,1,3595,5430,3,9913432363
1992,Defense,M,Medium Vendor,PID,NULL,0,1,1,1,NULL,25509
1992,Defense,M,Medium Vendor,PID,NULL,1,1,199,199,2,8554576980
1992,Defense,N,Sometimes Small Vendor,PDuns,NULL,0,1,2,3,NULL,1194956
1992,Defense,N,Sometimes Small Vendor,PDuns,NULL,1,1,1459,4444,NULL,11384936314
1992,Defense,N,Sometimes Small Vendor,PID,NULL,1,1,142,142,1,7867641407
1992,Defense,S,Always Small Vendor,PDuns,NULL,0,0,99,100,1,-26411519
1992,Defense,S,Always Small Vendor,PDuns,NULL,0,1,91,92,NULL,1114799
1992,Defense,S,Always Small Vendor,PDuns,NULL,1,1,4652,28822,8,22243880096
1992,Defense,S,Always Small Vendor,PID,NULL,0,0,1,1,NULL,1162211
1992,Defense,S,Always Small Vendor,PID,NULL,0,1,2,2,NULL,52132
1992,Defense,S,Always Small Vendor,PID,NULL,1,1,123,123,NULL,609613070
1993,Defense,NULL,NULL,PID,NULL,NULL,NULL,4,4,NULL,24524048
1993,Defense,B,Big Five,PDuns,NULL,1,1,3,26,NULL,357445124
1993,Defense,B,Big Five,PID,NULL,1,1,6,6,36,16833823927
1993,Defense,J,Large: Big 5 JV,PID,NULL,1,1,3,3,NULL,671254155
1993,Defense,L,Large Vendor,PDuns,NULL,1,1,22,324,10,1347316692
1993,Defense,L,Large Vendor,PID,NULL,1,1,130,130,340,43368237535
1993,Defense,M,Medium Vendor,PDuns,NULL,0,0,27,27,NULL,-3369148
1993,Defense,M,Medium Vendor,PDuns,NULL,0,1,66,66,3,1223544
1993,Defense,M,Medium Vendor,PDuns,NULL,1,1,3757,29350,610,26334878048
1993,Defense,M,Medium Vendor,PID,NULL,0,1,3,3,NULL,-75236
1993,Defense,M,Medium Vendor,PID,NULL,1,1,212,212,55,8230478085
1993,Defense,N,Sometimes Small Vendor,PDuns,NULL,1,1,1215,4640,325,10661793084
1993,Defense,N,Sometimes Small Vendor,PID,NULL,1,1,153,153,106,8928464133
1993,Defense,S,Always Small Vendor,PDuns,NULL,0,0,57,57,7,-3596929
1993,Defense,S,Always Small Vendor,PDuns,NULL,0,1,63,64,9,2303339
1993,Defense,S,Always Small Vendor,PDuns,NULL,1,1,3353,4252,988,3741077852
1993,Defense,S,Always Small Vendor,PID,NULL,0,1,1,1,NULL,26100
1993,Defense,S,Always Small Vendor,PID,NULL,1,1,136,136,11,877577789
1994,Defense,NULL,NULL,PID,NULL,NULL,NULL,2,2,15,5492955
1994,Defense,B,Big Five,PDuns,NULL,1,1,4,26,168,89684825
1994,Defense,B,Big Five,PID,NULL,1,1,5,5,7618,18810007110
1994,Defense,J,Large: Big 5 JV,PID,NULL,1,1,1,1,20,248145948
1994,Defense,L,Large Vendor,PDuns,NULL,1,1,30,160,2140,709382114
1994,Defense,L,Large Vendor,PID,NULL,1,1,133,133,36051,40593265335
1994,Defense,M,Medium Vendor,PDuns,NULL,0,0,46,46,69,-51043164
1994,Defense,M,Medium Vendor,PDuns,NULL,0,1,193,195,202,5030626
1994,Defense,M,Medium Vendor,PDuns,NULL,1,1,7722,9576,47523,15354014000
1994,Defense,M,Medium Vendor,PID,NULL,0,0,1,1,2,0
1994,Defense,M,Medium Vendor,PID,NULL,1,1,258,258,9622,8517769802
1994,Defense,N,Sometimes Small Vendor,Duns,NULL,1,1,1,1,1347,1307484010
1994,Defense,N,Sometimes Small Vendor,PDuns,NULL,1,1,2194,4270,52760,13157615402
1994,Defense,N,Sometimes Small Vendor,PID,NULL,1,1,134,134,10051,5714681333
1994,Defense,S,Always Small Vendor,PDuns,NULL,0,0,217,218,315,-22773286
1994,Defense,S,Always Small Vendor,PDuns,NULL,0,1,461,461,516,6376383
1994,Defense,S,Always Small Vendor,PDuns,NULL,1,1,15880,16198,57366,11980925194
1994,Defense,S,Always Small Vendor,PID,NULL,0,0,1,1,1,39233
1994,Defense,S,Always Small Vendor,PID,NULL,1,1,158,158,1993,735804905
1995,Defense,NULL,NULL,PID,NULL,NULL,NULL,6,6,28,16794991
1995,Defense,B,Big Five,PDuns,NULL,1,1,5,44,343,119217859
1995,Defense,B,Big Five,PID,NULL,1,1,6,6,8796,18598105521
1995,Defense,J,Large: Big 5 JV,PID,NULL,1,1,1,1,32,231653159
1995,Defense,L,Large Vendor,PDuns,NULL,1,1,42,172,3453,962994789
1995,Defense,L,Large Vendor,PID,NULL,1,1,132,132,36182,36093958560
1995,Defense,M,Medium Vendor,PDuns,NULL,0,0,62,62,88,-6551942
1995,Defense,M,Medium Vendor,PDuns,NULL,0,1,246,247,262,5797672
1995,Defense,M,Medium Vendor,PDuns,NULL,1,1,8233,9814,45667,14366947790
1995,Defense,M,Medium Vendor,PID,NULL,0,0,1,1,1,59222
1995,Defense,M,Medium Vendor,PID,NULL,0,1,1,1,1,27789
1995,Defense,M,Medium Vendor,PID,NULL,1,1,230,230,8085,10283930965
1995,Defense,N,Sometimes Small Vendor,Duns,NULL,1,1,2,2,2700,2470804144
1995,Defense,N,Sometimes Small Vendor,PDuns,NULL,0,0,2,2,4,-1445688
1995,Defense,N,Sometimes Small Vendor,PDuns,NULL,0,1,5,6,16,-1640722
1995,Defense,N,Sometimes Small Vendor,PDuns,NULL,1,1,2351,4638,57963,14108900532
1995,Defense,N,Sometimes Small Vendor,PID,NULL,1,1,161,161,13187,6357422428
1995,Defense,S,Always Small Vendor,PDuns,NULL,0,0,183,183,257,-19383024
1995,Defense,S,Always Small Vendor,PDuns,NULL,0,1,623,624,669,10703645
1995,Defense,S,Always Small Vendor,PDuns,NULL,1,1,16331,16416,59331,12142664758
1995,Defense,S,Always Small Vendor,PID,NULL,0,1,2,2,2,-249020
1995,Defense,S,Always Small Vendor,PID,NULL,1,1,174,174,2821,851301440
1996,Defense,NULL,NULL,PDuns,NULL,NULL,NULL,1,1,15,1161504
1996,Defense,NULL,NULL,PID,NULL,NULL,NULL,5,5,22,8571463
1996,Defense,B,Big Five,PDuns,NULL,1,1,5,11,285,106524147
1996,Defense,B,Big Five,PID,NULL,1,1,6,6,13003,22307858656
1996,Defense,J,Large: Big 5 JV,PID,NULL,1,1,2,2,77,480900547
1996,Defense,L,Large Vendor,Duns,NULL,1,1,1,1,72,72276628
1996,Defense,L,Large Vendor,PDuns,NULL,0,1,1,8,40,2721394
1996,Defense,L,Large Vendor,PDuns,NULL,1,1,56,287,3504,1054532695
1996,Defense,L,Large Vendor,PID,NULL,1,1,157,157,44052,37951276614
1996,Defense,M,Medium Vendor,PDuns,NULL,0,0,43,43,57,-1731020
1996,Defense,M,Medium Vendor,PDuns,NULL,0,1,420,421,446,11676416
1996,Defense,M,Medium Vendor,PDuns,NULL,1,1,8281,9905,44869,13305280323
1996,Defense,M,Medium Vendor,PID,NULL,0,0,1,1,2,-3503827
1996,Defense,M,Medium Vendor,PID,NULL,0,1,2,2,3,83471
1996,Defense,M,Medium Vendor,PID,NULL,1,1,262,262,6276,4805546285
1996,Defense,N,Sometimes Small Vendor,Duns,NULL,1,1,1,1,3306,2942679507
1996,Defense,N,Sometimes Small Vendor,PDuns,NULL,0,0,3,4,8,-1052996
1996,Defense,N,Sometimes Small Vendor,PDuns,NULL,0,1,9,9,30,-1475486
1996,Defense,N,Sometimes Small Vendor,PDuns,NULL,1,1,2793,5697,57412,12901832520
1996,Defense,N,Sometimes Small Vendor,PID,NULL,1,1,241,241,20812,9213713244
1996,Defense,S,Always Small Vendor,PDuns,NULL,0,0,198,200,322,-11249998
1996,Defense,S,Always Small Vendor,PDuns,NULL,0,1,1270,1276,1386,29422628
1996,Defense,S,Always Small Vendor,PDuns,NULL,1,1,17364,18377,62159,12396874846
1996,Defense,S,Always Small Vendor,PID,NULL,0,1,4,4,4,155686
1996,Defense,S,Always Small Vendor,PID,NULL,1,1,190,190,2364,874703851
1997,Defense,NULL,NULL,PID,NULL,NULL,NULL,7,7,59,33917262
1997,Defense,B,Big Five,PDuns,NULL,1,1,4,25,174,36103158
1997,Defense,B,Big Five,PID,NULL,1,1,6,6,19510,32125919247
1997,Defense,J,Large: Big 5 JV,PID,NULL,1,1,4,4,92,809779189
1997,Defense,L,Large Vendor,PDuns,NULL,1,1,61,230,2153,759646439
1997,Defense,L,Large Vendor,PID,NULL,0,0,1,1,1,-39000
1997,Defense,L,Large Vendor,PID,NULL,1,1,179,179,46616,29420367399
1997,Defense,M,Medium Vendor,Duns,NULL,1,1,1,1,116,119725780
1997,Defense,M,Medium Vendor,PDuns,NULL,0,0,49,49,74,-2792924
1997,Defense,M,Medium Vendor,PDuns,NULL,0,1,518,518,555,13869021
1997,Defense,M,Medium Vendor,PDuns,NULL,1,1,7828,9071,34448,10553661696
1997,Defense,M,Medium Vendor,PID,NULL,0,1,1,1,1,27960
1997,Defense,M,Medium Vendor,PID,NULL,1,1,393,393,9018,6663271795
1997,Defense,N,Sometimes Small Vendor,Duns,NULL,1,1,2,2,2861,2697298445
1997,Defense,N,Sometimes Small Vendor,PDuns,NULL,0,0,1,1,2,1270
1997,Defense,N,Sometimes Small Vendor,PDuns,NULL,0,1,13,16,28,591973
1997,Defense,N,Sometimes Small Vendor,PDuns,NULL,1,1,2603,4483,42809,8399988631
1997,Defense,N,Sometimes Small Vendor,PID,NULL,1,1,389,389,31575,11649836794
1997,Defense,S,Always Small Vendor,PDuns,NULL,0,0,208,208,305,-4977054
1997,Defense,S,Always Small Vendor,PDuns,NULL,0,1,1314,1317,1447,39292462
1997,Defense,S,Always Small Vendor,PDuns,NULL,1,1,16822,17180,59508,11253680724
1997,Defense,S,Always Small Vendor,PID,NULL,0,0,1,1,1,26195
1997,Defense,S,Always Small Vendor,PID,NULL,0,1,11,11,11,302662
1997,Defense,S,Always Small Vendor,PID,NULL,1,1,297,297,4179,1412652755
1998,Defense,NULL,NULL,PDuns,NULL,NULL,NULL,1,1,2,430215
1998,Defense,NULL,NULL,PID,NULL,NULL,NULL,9,9,47,29679854
1998,Defense,B,Big Five,PDuns,NULL,1,1,3,7,91,69528455
1998,Defense,B,Big Five,PID,NULL,1,1,5,5,20693,36116149137
1998,Defense,J,Large: Big 5 JV,PID,NULL,1,1,4,4,110,781552341
1998,Defense,L,Large Vendor,Duns,NULL,1,1,1,1,133,146644780
1998,Defense,L,Large Vendor,PDuns,NULL,0,1,1,3,4,179024
1998,Defense,L,Large Vendor,PDuns,NULL,1,1,60,277,3330,775959574
1998,Defense,L,Large Vendor,PID,NULL,0,1,1,1,1,29204
1998,Defense,L,Large Vendor,PID,NULL,1,1,181,181,49632,27273375409
1998,Defense,M,Medium Vendor,PDuns,NULL,0,0,34,34,45,-2433945
1998,Defense,M,Medium Vendor,PDuns,NULL,0,1,462,464,491,15369226
1998,Defense,M,Medium Vendor,PDuns,NULL,1,1,6981,8058,33243,9654641553
1998,Defense,M,Medium Vendor,PID,NULL,0,1,9,9,10,281214
1998,Defense,M,Medium Vendor,PID,NULL,1,1,426,426,10645,7633427959
1998,Defense,N,Sometimes Small Vendor,Duns,NULL,1,1,1,1,2480,2266586927
1998,Defense,N,Sometimes Small Vendor,PDuns,NULL,0,1,11,11,24,669303
1998,Defense,N,Sometimes Small Vendor,PDuns,NULL,1,1,2385,4089,40205,8206796976
1998,Defense,N,Sometimes Small Vendor,PID,NULL,0,1,1,1,2,52103
1998,Defense,N,Sometimes Small Vendor,PID,NULL,1,1,426,426,34748,12249137093
1998,Defense,S,Always Small Vendor,Duns,NULL,1,1,1,1,1,294364
1998,Defense,S,Always Small Vendor,PDuns,NULL,0,0,188,188,278,-9681808
1998,Defense,S,Always Small Vendor,PDuns,NULL,0,1,1379,1384,1563,46429803
1998,Defense,S,Always Small Vendor,PDuns,NULL,1,1,15787,16117,57548,10618189691
1998,Defense,S,Always Small Vendor,PID,NULL,0,0,1,1,1,-31300
1998,Defense,S,Always Small Vendor,PID,NULL,0,1,6,6,6,168219
1998,Defense,S,Always Small Vendor,PID,NULL,1,1,309,309,3156,1088697047
1998,Defense,U,Unlabeled Vendor,Duns,NULL,1,1,1,1,7,3759749
1999,Defense,NULL,NULL,PID,NULL,NULL,NULL,9,9,93,45247897
1999,Defense,B,Big Five,PDuns,NULL,1,1,4,22,154,185135721
1999,Defense,B,Big Five,PID,NULL,1,1,5,5,21248,37940760801
1999,Defense,J,Large: Big 5 JV,PID,NULL,1,1,5,5,160,1375718230
1999,Defense,L,Large Vendor,Duns,NULL,1,1,1,1,146,138402938
1999,Defense,L,Large Vendor,PDuns,NULL,1,1,47,140,1430,348419645
1999,Defense,L,Large Vendor,PID,NULL,0,0,1,1,1,-30813
1999,Defense,L,Large Vendor,PID,NULL,0,1,1,1,1,28160
1999,Defense,L,Large Vendor,PID,NULL,1,1,188,188,53763,28715773516
1999,Defense,M,Medium Vendor,PDuns,NULL,0,0,41,41,60,-5355235
1999,Defense,M,Medium Vendor,PDuns,NULL,0,1,509,512,552,23310620
1999,Defense,M,Medium Vendor,PDuns,NULL,1,1,6512,7440,30970,10067228135
1999,Defense,M,Medium Vendor,PID,NULL,0,1,5,5,5,142390
1999,Defense,M,Medium Vendor,PID,NULL,1,1,482,482,11735,7735256215
1999,Defense,M,Medium Vendor,PID,0,1,1,1,1,16,4325551
1999,Defense,N,Sometimes Small Vendor,Duns,NULL,1,1,2,2,2352,1504768827
1999,Defense,N,Sometimes Small Vendor,PDuns,NULL,0,1,12,16,25,594025
1999,Defense,N,Sometimes Small Vendor,PDuns,NULL,1,1,2257,3855,39995,7719299674
1999,Defense,N,Sometimes Small Vendor,PID,NULL,0,1,1,1,2,52000
1999,Defense,N,Sometimes Small Vendor,PID,NULL,1,1,464,464,38722,13139890318
1999,Defense,S,Always Small Vendor,PDuns,NULL,0,0,159,159,271,-1963146
1999,Defense,S,Always Small Vendor,PDuns,NULL,0,1,1514,1517,1640,36236841
1999,Defense,S,Always Small Vendor,PDuns,NULL,1,1,16468,16791,61969,11696851095
1999,Defense,S,Always Small Vendor,PID,NULL,0,0,3,3,4,16820
1999,Defense,S,Always Small Vendor,PID,NULL,0,1,10,10,10,281893
1999,Defense,S,Always Small Vendor,PID,NULL,1,1,384,384,4481,1506459406
1999,Defense,U,Unlabeled Vendor,Duns,NULL,1,1,1,1,22,8184964
2000,Defense,NULL,NULL,PID,NULL,NULL,NULL,9,9,105,61351861
2000,Defense,B,Big Five,PDuns,0,1,1,2,2,18,3087410
2000,Defense,B,Big Five,PID,0,1,1,5,5,23870,41227789467
2000,Defense,J,Large: Big 5 JV,PDuns,0,1,1,1,4,49,8875131
2000,Defense,J,Large: Big 5 JV,PID,0,1,1,4,4,98,1319214157
2000,Defense,J,Large: Big 5 JV,PID,1,1,1,2,2,25,341557258
2000,Defense,L,Large Vendor,Duns,1,1,1,1,1,106,83847569
2000,Defense,L,Large Vendor,PDuns,0,0,1,3,11,81,12207649
2000,Defense,L,Large Vendor,PDuns,0,1,1,42,198,2794,649526824
2000,Defense,L,Large Vendor,PDuns,1,1,1,2,4,22,3264960
2000,Defense,L,Large Vendor,PID,0,0,0,1,1,1,874414
2000,Defense,L,Large Vendor,PID,0,0,1,2,2,2,53478
2000,Defense,L,Large Vendor,PID,0,1,1,180,180,61567,35406547460
2000,Defense,L,Large Vendor,PID,1,0,1,1,1,1,28160
2000,Defense,L,Large Vendor,PID,1,1,1,11,11,1287,776127013
2000,Defense,M,Medium Vendor,PDuns,NULL,0,0,44,44,56,10076.7
2000,Defense,M,Medium Vendor,PDuns,NULL,0,1,8,8,23,268850.9815
2000,Defense,M,Medium Vendor,PDuns,NULL,1,1,4,4,1,361531
2000,Defense,M,Medium Vendor,PDuns,0,0,0,57,57,120,-2599638.25
2000,Defense,M,Medium Vendor,PDuns,0,0,1,355,361,456,9453174
2000,Defense,M,Medium Vendor,PDuns,0,1,1,3657,3920,22569,6989393683
2000,Defense,M,Medium Vendor,PDuns,1,0,0,28,28,45,-2930983.13
2000,Defense,M,Medium Vendor,PDuns,1,0,1,339,339,388,9808698
2000,Defense,M,Medium Vendor,PDuns,1,1,1,2911,2945,11394,3023287577
2000,Defense,M,Medium Vendor,PID,NULL,0,0,2,2,0,0
2000,Defense,M,Medium Vendor,PID,0,0,0,6,6,12,-593217
2000,Defense,M,Medium Vendor,PID,0,0,1,9,9,18,181892
2000,Defense,M,Medium Vendor,PID,0,1,1,336,336,9131,5568441524
2000,Defense,M,Medium Vendor,PID,1,1,1,30,30,542,553137931
2000,Defense,N,Sometimes Small Vendor,Duns,0,1,1,3,3,1950,1017412690
2000,Defense,N,Sometimes Small Vendor,PDuns,NULL,0,0,1,1,1,49350
2000,Defense,N,Sometimes Small Vendor,PDuns,0,0,0,2,2,12,-1534368
2000,Defense,N,Sometimes Small Vendor,PDuns,0,0,1,40,44,92,1386858
2000,Defense,N,Sometimes Small Vendor,PDuns,0,1,1,2996,3884,51389,9579603364
2000,Defense,N,Sometimes Small Vendor,PDuns,1,0,1,1,1,1,29995
2000,Defense,N,Sometimes Small Vendor,PDuns,1,1,1,5,5,73,5751579
2000,Defense,N,Sometimes Small Vendor,PID,0,0,1,2,2,6,89704
2000,Defense,N,Sometimes Small Vendor,PID,0,1,1,617,617,42723,12505618843
2000,Defense,S,Always Small Vendor,PDuns,NULL,0,0,44,44,0,0
2000,Defense,S,Always Small Vendor,PDuns,NULL,0,1,1,1,1,7138
2000,Defense,S,Always Small Vendor,PDuns,NULL,1,1,6,6,3,48464.5
2000,Defense,S,Always Small Vendor,PDuns,0,0,0,415,415,684,-5740410.91
2000,Defense,S,Always Small Vendor,PDuns,0,0,1,2538,2542,4470,70891324
2000,Defense,S,Always Small Vendor,PDuns,0,1,1,15705,15856,71589,11237666376
2000,Defense,S,Always Small Vendor,PDuns,1,0,1,1,1,1,30239
2000,Defense,S,Always Small Vendor,PDuns,1,1,1,7,7,9,500418
2000,Defense,S,Always Small Vendor,PID,0,0,1,12,12,37,530967
2000,Defense,S,Always Small Vendor,PID,0,1,1,321,321,4939,1697395549
2000,Defense,U,Unlabeled Vendor,Duns,NULL,1,1,1,1,16,8893351
2001,Defense,NULL,NULL,PID,NULL,NULL,NULL,6,6,50,25497580
2001,Defense,B,Big Five,PDuns,0,1,1,3,33,600,140373540
2001,Defense,B,Big Five,PID,0,1,1,5,5,24828,44589912143
2001,Defense,J,Large: Big 5 JV,PDuns,0,1,1,1,3,32,7970051
2001,Defense,J,Large: Big 5 JV,PID,0,1,1,4,4,86,1356619951
2001,Defense,J,Large: Big 5 JV,PID,1,1,1,2,2,20,78746705
2001,Defense,L,Large Vendor,Duns,1,1,1,1,1,144,124311920
2001,Defense,L,Large Vendor,PDuns,0,1,1,39,158,3322,794195202
2001,Defense,L,Large Vendor,PDuns,1,1,1,3,7,104,91092736.61
2001,Defense,L,Large Vendor,PID,0,1,1,186,186,70786,34559081519
2001,Defense,L,Large Vendor,PID,1,1,1,16,16,1124,920912602.6
2001,Defense,M,Medium Vendor,PDuns,NULL,0,0,34,34,8,596394
2001,Defense,M,Medium Vendor,PDuns,NULL,0,1,9,9,18,40591.4606
2001,Defense,M,Medium Vendor,PDuns,NULL,1,1,10,10,9,372939
2001,Defense,M,Medium Vendor,PDuns,0,0,0,97,97,239,1668196
2001,Defense,M,Medium Vendor,PDuns,0,0,1,405,405,585,9634528
2001,Defense,M,Medium Vendor,PDuns,0,1,1,3599,3880,23063,6874438047
2001,Defense,M,Medium Vendor,PDuns,1,0,0,39,39,56,-2056747
2001,Defense,M,Medium Vendor,PDuns,1,0,1,351,351,429,12436225
2001,Defense,M,Medium Vendor,PDuns,1,1,1,2873,2899,11633,3066270044
2001,Defense,M,Medium Vendor,PID,NULL,0,0,1,1,0,0
2001,Defense,M,Medium Vendor,PID,0,0,0,5,5,10,-1837571
2001,Defense,M,Medium Vendor,PID,0,0,1,8,8,14,119934
2001,Defense,M,Medium Vendor,PID,0,1,1,327,327,9391,11817896804
2001,Defense,M,Medium Vendor,PID,1,0,1,2,2,6,111175
2001,Defense,M,Medium Vendor,PID,1,1,1,28,28,696,516315937
2001,Defense,N,Sometimes Small Vendor,Duns,0,1,1,3,3,1719,1314929016
2001,Defense,N,Sometimes Small Vendor,PDuns,NULL,0,0,1,1,0,0
2001,Defense,N,Sometimes Small Vendor,PDuns,NULL,1,1,1,1,0,0
2001,Defense,N,Sometimes Small Vendor,PDuns,0,0,0,2,2,3,2585
2001,Defense,N,Sometimes Small Vendor,PDuns,0,0,1,93,102,384,12504137
2001,Defense,N,Sometimes Small Vendor,PDuns,0,1,1,3139,4298,54432,10041384167
2001,Defense,N,Sometimes Small Vendor,PDuns,1,1,1,9,12,185,51480950
2001,Defense,N,Sometimes Small Vendor,PID,0,0,1,4,4,9,37638
2001,Defense,N,Sometimes Small Vendor,PID,0,1,1,623,623,39770,13133369157
2001,Defense,N,Sometimes Small Vendor,PID,1,1,1,1,1,5,1013297
2001,Defense,S,Always Small Vendor,PDuns,NULL,0,0,67,67,0,0
2001,Defense,S,Always Small Vendor,PDuns,NULL,0,1,3,3,3,27304
2001,Defense,S,Always Small Vendor,PDuns,NULL,1,1,9,9,3,6389.94
2001,Defense,S,Always Small Vendor,PDuns,0,0,0,666,666,1312,-9875710
2001,Defense,S,Always Small Vendor,PDuns,0,0,1,3282,3284,5587,80844321
2001,Defense,S,Always Small Vendor,PDuns,0,1,1,16295,16457,78011,12808158546
2001,Defense,S,Always Small Vendor,PDuns,1,0,0,1,1,1,-24039
2001,Defense,S,Always Small Vendor,PDuns,1,0,1,1,1,1,32627
2001,Defense,S,Always Small Vendor,PDuns,1,1,1,6,6,7,360856
2001,Defense,S,Always Small Vendor,PID,NULL,0,0,1,1,0,0
2001,Defense,S,Always Small Vendor,PID,0,0,0,2,2,2,5680
2001,Defense,S,Always Small Vendor,PID,0,0,1,17,17,26,496979
2001,Defense,S,Always Small Vendor,PID,0,1,1,335,335,5337,1535501751
2001,Defense,U,Unlabeled Vendor,Duns,NULL,1,1,1,1,33,10422723
2002,Defense,NULL,NULL,PID,NULL,NULL,NULL,11,11,233,67092634
2002,Defense,B,Big Five,PDuns,0,1,1,3,11,102,23722194
2002,Defense,B,Big Five,PID,0,1,1,5,5,33011,58462339643
2002,Defense,J,Large: Big 5 JV,PID,0,1,1,4,4,126,1512307033
2002,Defense,J,Large: Big 5 JV,PID,1,1,1,1,1,17,42250316
2002,Defense,L,Large Vendor,Duns,1,1,1,1,1,153,125687663
2002,Defense,L,Large Vendor,PDuns,NULL,1,1,1,3,114,8173852
2002,Defense,L,Large Vendor,PDuns,0,1,1,39,197,3616,1214492470
2002,Defense,L,Large Vendor,PDuns,1,1,1,3,18,568,208255049
2002,Defense,L,Large Vendor,PID,0,0,0,3,3,5,-1333497
2002,Defense,L,Large Vendor,PID,0,0,1,2,2,3,87459
2002,Defense,L,Large Vendor,PID,0,1,1,193,193,94600,40311450728
2002,Defense,L,Large Vendor,PID,1,0,1,1,1,1,26193
2002,Defense,L,Large Vendor,PID,1,1,1,16,16,838,1669062035
2002,Defense,M,Medium Vendor,PDuns,NULL,0,0,60,60,8,24370
2002,Defense,M,Medium Vendor,PDuns,NULL,0,1,10,10,11,91307
2002,Defense,M,Medium Vendor,PDuns,NULL,1,1,8,23,727,138404298.4
2002,Defense,M,Medium Vendor,PDuns,0,0,0,384,388,679,-665051
2002,Defense,M,Medium Vendor,PDuns,0,0,1,887,892,2033,47305412
2002,Defense,M,Medium Vendor,PDuns,0,1,1,3605,3919,25584,7463188893
2002,Defense,M,Medium Vendor,PDuns,1,0,0,136,136,648,-4086449.01
2002,Defense,M,Medium Vendor,PDuns,1,0,1,516,517,1836,16051412
2002,Defense,M,Medium Vendor,PDuns,1,1,1,3025,3053,19405,3581735738
2002,Defense,M,Medium Vendor,PID,0,0,0,1,1,1,-5219
2002,Defense,M,Medium Vendor,PID,0,0,1,12,12,17,312631
2002,Defense,M,Medium Vendor,PID,0,1,1,300,300,9644,7105095915
2002,Defense,M,Medium Vendor,PID,1,1,1,34,34,1187,677567337
2002,Defense,N,Sometimes Small Vendor,Duns,0,1,1,3,3,940,1692793404
2002,Defense,N,Sometimes Small Vendor,Name,0,1,1,1,1,151,25792773
2002,Defense,N,Sometimes Small Vendor,PDuns,NULL,0,1,1,1,2,33600
2002,Defense,N,Sometimes Small Vendor,PDuns,NULL,1,1,4,4,0,0
2002,Defense,N,Sometimes Small Vendor,PDuns,0,0,0,38,41,294,427483
2002,Defense,N,Sometimes Small Vendor,PDuns,0,0,1,286,302,2209,9686905
2002,Defense,N,Sometimes Small Vendor,PDuns,0,1,1,3929,5691,87403,13199157681
2002,Defense,N,Sometimes Small Vendor,PDuns,1,0,0,1,1,1,3200
2002,Defense,N,Sometimes Small Vendor,PDuns,1,1,1,10,10,45,8378153
2002,Defense,N,Sometimes Small Vendor,PID,0,0,1,5,5,13,102284
2002,Defense,N,Sometimes Small Vendor,PID,0,1,1,666,666,55843,16308273224
2002,Defense,N,Sometimes Small Vendor,PID,1,1,1,1,1,1,68815
2002,Defense,S,Always Small Vendor,PDuns,NULL,0,0,84,84,4,13350
2002,Defense,S,Always Small Vendor,PDuns,NULL,0,1,5,5,4,52055.8496
2002,Defense,S,Always Small Vendor,PDuns,NULL,1,1,13,13,1,20000
2002,Defense,S,Always Small Vendor,PDuns,0,0,0,2955,2960,5707,1227148.2
2002,Defense,S,Always Small Vendor,PDuns,0,0,1,7857,7872,17731,151437214.1
2002,Defense,S,Always Small Vendor,PDuns,0,1,1,18611,18834,110369,14239293279
2002,Defense,S,Always Small Vendor,PDuns,1,0,1,1,1,11,17620.5298
2002,Defense,S,Always Small Vendor,PDuns,1,1,1,1,1,1,265080
2002,Defense,S,Always Small Vendor,PID,0,0,0,9,9,10,-31872
2002,Defense,S,Always Small Vendor,PID,0,0,1,19,19,41,399735
2002,Defense,S,Always Small Vendor,PID,0,1,1,355,355,6337,1409706881
2002,Defense,U,Unlabeled Vendor,Duns,NULL,0,0,1,1,0,0
2002,Defense,U,Unlabeled Vendor,Duns,NULL,1,1,1,1,56,40434717
2003,Defense,NULL,NULL,PID,NULL,NULL,NULL,10,10,302,152729035
2003,Defense,B,Big Five,PDuns,0,0,1,1,1,1,3595
2003,Defense,B,Big Five,PDuns,0,1,1,3,9,57,15673168
2003,Defense,B,Big Five,PID,0,1,1,5,5,38841,67855800904
2003,Defense,J,Large: Big 5 JV,PDuns,0,1,1,1,2,8,565848
2003,Defense,J,Large: Big 5 JV,PID,0,1,1,6,6,253,2227785916
2003,Defense,J,Large: Big 5 JV,PID,1,1,1,2,2,43,56198416
2003,Defense,L,Large Vendor,Duns,0,1,1,1,1,207,172804548
2003,Defense,L,Large Vendor,PDuns,0,0,0,3,6,58,2339140
2003,Defense,L,Large Vendor,PDuns,0,0,1,3,21,202,10229398.78
2003,Defense,L,Large Vendor,PDuns,0,1,1,59,221,3269,881120241.3
2003,Defense,L,Large Vendor,PDuns,1,1,1,3,8,83,20148344
2003,Defense,L,Large Vendor,PID,0,0,0,4,4,6,-8153681
2003,Defense,L,Large Vendor,PID,0,1,1,209,209,126855,58283844352
2003,Defense,L,Large Vendor,PID,1,1,1,17,17,1276,1550924822
2003,Defense,M,Medium Vendor,PDuns,NULL,0,0,89,89,16,47445.6599
2003,Defense,M,Medium Vendor,PDuns,NULL,0,1,18,18,33,240458.9002
2003,Defense,M,Medium Vendor,PDuns,NULL,1,1,20,20,12,102256.2
2003,Defense,M,Medium Vendor,PDuns,0,0,0,636,639,1089,-698686.2999
2003,Defense,M,Medium Vendor,PDuns,0,0,1,1312,1331,2573,30377113
2003,Defense,M,Medium Vendor,PDuns,0,1,1,3493,3804,30884,7249861907
2003,Defense,M,Medium Vendor,PDuns,1,0,0,159,159,606,-4227108.14
2003,Defense,M,Medium Vendor,PDuns,1,0,1,662,664,1902,19291552
2003,Defense,M,Medium Vendor,PDuns,1,1,1,3378,3416,24451,4386544980
2003,Defense,M,Medium Vendor,PID,0,0,0,6,6,9,-1210476
2003,Defense,M,Medium Vendor,PID,0,0,1,16,16,25,254099
2003,Defense,M,Medium Vendor,PID,0,1,1,313,313,13660,7193760541
2003,Defense,M,Medium Vendor,PID,1,1,1,32,32,1729,1163705862
2003,Defense,N,Sometimes Small Vendor,Duns,0,1,1,4,4,1343,808923713.8
2003,Defense,N,Sometimes Small Vendor,PDuns,NULL,0,0,5,5,0,0
2003,Defense,N,Sometimes Small Vendor,PDuns,NULL,1,1,4,4,1,17625
2003,Defense,N,Sometimes Small Vendor,PDuns,0,0,0,102,110,359,258232
2003,Defense,N,Sometimes Small Vendor,PDuns,0,0,1,585,639,2376,18128290.02
2003,Defense,N,Sometimes Small Vendor,PDuns,0,1,1,4568,6825,101333,13989442920
2003,Defense,N,Sometimes Small Vendor,PDuns,1,0,1,2,2,3,34825
2003,Defense,N,Sometimes Small Vendor,PDuns,1,1,1,11,11,34,3360160
2003,Defense,N,Sometimes Small Vendor,PID,0,0,0,1,1,2,5182
2003,Defense,N,Sometimes Small Vendor,PID,0,0,1,13,13,110,642295
2003,Defense,N,Sometimes Small Vendor,PID,0,1,1,813,813,76074,25308142797
2003,Defense,N,Sometimes Small Vendor,PID,1,1,1,1,1,349,31987290
2003,Defense,S,Always Small Vendor,Name,0,0,1,1,1,1,5892
2003,Defense,S,Always Small Vendor,Name,0,1,1,1,1,1,47756
2003,Defense,S,Always Small Vendor,PDuns,NULL,0,0,209,209,10,24241
2003,Defense,S,Always Small Vendor,PDuns,NULL,0,1,6,6,3,18500
2003,Defense,S,Always Small Vendor,PDuns,NULL,1,1,28,28,0,0
2003,Defense,S,Always Small Vendor,PDuns,0,0,0,4861,4863,7979,7556841.329
2003,Defense,S,Always Small Vendor,PDuns,0,0,1,12504,12544,28097,232965679.1
2003,Defense,S,Always Small Vendor,PDuns,0,1,1,21211,21481,137059,17478576210
2003,Defense,S,Always Small Vendor,PDuns,1,0,0,4,4,5,6150
2003,Defense,S,Always Small Vendor,PDuns,1,1,1,9,9,20,2902763
2003,Defense,S,Always Small Vendor,PID,0,0,0,12,12,15,-142309
2003,Defense,S,Always Small Vendor,PID,0,0,1,27,27,62,482568
2003,Defense,S,Always Small Vendor,PID,0,1,1,386,386,8533,2375970234
2003,Defense,U,Unlabeled Vendor,Duns,0,0,0,1,1,1,-905967
2003,Defense,U,Unlabeled Vendor,Duns,1,1,1,2,2,36,12629280.13
2003,Defense,U,Unlabeled Vendor,Name,1,1,1,1,1,1,107200
2004,Defense,NULL,NULL,PID,NULL,NULL,NULL,10,10,255,98943689
2004,Defense,B,Big Five,PDuns,0,0,0,1,1,4,-198830
2004,Defense,B,Big Five,PDuns,0,0,1,1,3,4,213995
2004,Defense,B,Big Five,PDuns,0,1,1,4,5,102,25639022
2004,Defense,B,Big Five,PID,0,1,1,5,5,38908,69954673671
2004,Defense,J,Large: Big 5 JV,PID,0,1,1,7,7,293,2919965794
2004,Defense,J,Large: Big 5 JV,PID,1,1,1,2,2,14,43045590
2004,Defense,L,Large Vendor,Duns,1,1,1,1,1,11570,200407795
2004,Defense,L,Large Vendor,PDuns,0,0,0,2,3,4,115634
2004,Defense,L,Large Vendor,PDuns,0,0,1,4,6,17,711116
2004,Defense,L,Large Vendor,PDuns,0,1,1,52,355,3974,604952460.4
2004,Defense,L,Large Vendor,PDuns,1,0,1,1,3,74,2397350
2004,Defense,L,Large Vendor,PDuns,1,1,1,1,1,1,17530
2004,Defense,L,Large Vendor,PID,0,0,0,1,1,2,1350
2004,Defense,L,Large Vendor,PID,0,0,1,2,2,2,21631
2004,Defense,L,Large Vendor,PID,0,1,1,212,212,150650,69929024196
2004,Defense,L,Large Vendor,PID,1,1,1,17,17,1127,1253865323
2004,Defense,M,Medium Vendor,PDuns,NULL,0,0,118,118,0,0
2004,Defense,M,Medium Vendor,PDuns,NULL,0,1,2,2,0,0
2004,Defense,M,Medium Vendor,PDuns,NULL,1,1,34,34,3,232923
2004,Defense,M,Medium Vendor,PDuns,0,0,0,849,852,1480,-3568704.7
2004,Defense,M,Medium Vendor,PDuns,0,0,1,1664,1701,3688,34133028.78
2004,Defense,M,Medium Vendor,PDuns,0,1,1,3350,3599,30364,7006249742
2004,Defense,M,Medium Vendor,PDuns,1,0,0,979,979,1971,418347.0601
2004,Defense,M,Medium Vendor,PDuns,1,0,1,1508,1512,4735,39562685.8
2004,Defense,M,Medium Vendor,PDuns,1,1,1,3369,3414,28016,5029103597
2004,Defense,M,Medium Vendor,PID,NULL,0,0,1,1,0,0
2004,Defense,M,Medium Vendor,PID,0,0,0,8,8,12,2795
2004,Defense,M,Medium Vendor,PID,0,0,1,18,18,51,370301
2004,Defense,M,Medium Vendor,PID,0,1,1,294,294,14789,8292285541
2004,Defense,M,Medium Vendor,PID,1,0,0,1,1,2,0
2004,Defense,M,Medium Vendor,PID,1,0,1,2,2,5,25193
2004,Defense,M,Medium Vendor,PID,1,1,1,38,38,753,1610101878
2004,Defense,N,Sometimes Small Vendor,Duns,0,1,1,5,4,34113,2167273284
2004,Defense,N,Sometimes Small Vendor,Duns,1,1,1,1,1,3,51673.1602
2004,Defense,N,Sometimes Small Vendor,Name,0,1,1,1,1,10,1017392
2004,Defense,N,Sometimes Small Vendor,Name,1,0,0,1,1,2,2314.92
2004,Defense,N,Sometimes Small Vendor,PDuns,NULL,0,0,5,5,0,0
2004,Defense,N,Sometimes Small Vendor,PDuns,NULL,1,1,4,4,0,0
2004,Defense,N,Sometimes Small Vendor,PDuns,0,0,0,185,187,600,769807.0301
2004,Defense,N,Sometimes Small Vendor,PDuns,0,0,1,1253,1331,5358,35996985.49
2004,Defense,N,Sometimes Small Vendor,PDuns,0,1,1,6153,9165,146430,16933280982
2004,Defense,N,Sometimes Small Vendor,PDuns,1,0,0,3,3,15,21174.53
2004,Defense,N,Sometimes Small Vendor,PDuns,1,0,1,22,22,91,698945.72
2004,Defense,N,Sometimes Small Vendor,PDuns,1,1,1,34,34,563,57595041.85
2004,Defense,N,Sometimes Small Vendor,PID,0,0,0,1,1,1,1038
2004,Defense,N,Sometimes Small Vendor,PID,0,0,1,15,15,63,472841
2004,Defense,N,Sometimes Small Vendor,PID,0,1,1,893,893,92140,23574804577
2004,Defense,S,Always Small Vendor,Duns,0,0,0,1,1,1,3863.2
2004,Defense,S,Always Small Vendor,Duns,0,0,1,1,1,1,15350
2004,Defense,S,Always Small Vendor,Duns,1,0,0,1,1,1,71.72
2004,Defense,S,Always Small Vendor,Duns,1,0,1,3,1,3,20845.2901
2004,Defense,S,Always Small Vendor,Duns,1,1,1,1,1,1,106972.0781
2004,Defense,S,Always Small Vendor,Name,0,0,1,1,1,1,11504.6797
2004,Defense,S,Always Small Vendor,Name,1,0,0,15,1,17,19770.9598
2004,Defense,S,Always Small Vendor,Name,1,0,1,1,1,1,15499.4404
2004,Defense,S,Always Small Vendor,Name,1,1,1,7,1,7,1297584.266
2004,Defense,S,Always Small Vendor,PDuns,NULL,0,0,485,486,1,3192.9299
2004,Defense,S,Always Small Vendor,PDuns,NULL,0,1,9,11,29,2900575.75
2004,Defense,S,Always Small Vendor,PDuns,NULL,1,1,84,84,7,81460
2004,Defense,S,Always Small Vendor,PDuns,0,0,0,7057,7065,12543,100692.1707
2004,Defense,S,Always Small Vendor,PDuns,0,0,1,16067,16137,36815,330712492.7
2004,Defense,S,Always Small Vendor,PDuns,0,1,1,21846,22130,152220,17250545798
2004,Defense,S,Always Small Vendor,PDuns,1,0,0,8,8,12,21409
2004,Defense,S,Always Small Vendor,PDuns,1,0,1,9,9,30,149326.2603
2004,Defense,S,Always Small Vendor,PDuns,1,1,1,12,12,13,933460.8652
2004,Defense,S,Always Small Vendor,PID,NULL,0,0,1,1,0,0
2004,Defense,S,Always Small Vendor,PID,NULL,0,1,1,1,0,0
2004,Defense,S,Always Small Vendor,PID,0,0,0,15,15,23,-17586
2004,Defense,S,Always Small Vendor,PID,0,0,1,28,28,100,761690
2004,Defense,S,Always Small Vendor,PID,0,1,1,320,320,5682,2221877053
2004,Defense,U,Unlabeled Vendor,Duns,0,0,1,1,1,1,6299.6499
2004,Defense,U,Unlabeled Vendor,Duns,1,0,0,3,1,3,7193.17
2004,Defense,U,Unlabeled Vendor,Duns,1,0,1,3,1,3,26045.6899
2004,Defense,U,Unlabeled Vendor,Duns,1,1,1,8,1,20,851501.2744
2004,Defense,U,Unlabeled Vendor,Name,0,0,0,1,1,1,3125
2004,Defense,U,Unlabeled Vendor,Name,1,0,0,5,1,6,10899.83
2004,Defense,U,Unlabeled Vendor,Name,1,0,1,3,1,3,23710.6001
2004,Defense,U,Unlabeled Vendor,Name,1,1,1,10,1,15,612602.5605
2005,Defense,NULL,NULL,PID,NULL,NULL,NULL,13,13,706,204921274
2005,Defense,B,Big Five,PDuns,0,1,1,2,15,573,175174991.2
2005,Defense,B,Big Five,PID,0,1,1,5,5,54576,72447431083
2005,Defense,J,Large: Big 5 JV,PID,0,1,1,6,6,285,1545343329
2005,Defense,J,Large: Big 5 JV,PID,1,1,1,1,1,16,45342189
2005,Defense,L,Large Vendor,Duns,1,1,1,1,1,13613,245023010
2005,Defense,L,Large Vendor,PDuns,0,0,0,2,6,653,6692081
2005,Defense,L,Large Vendor,PDuns,0,0,1,5,5,67,18377654
2005,Defense,L,Large Vendor,PDuns,0,1,1,49,300,14832,1431847890
2005,Defense,L,Large Vendor,PDuns,1,1,1,1,1,20,16195111
2005,Defense,L,Large Vendor,PID,0,0,0,2,2,6,-62863
2005,Defense,L,Large Vendor,PID,0,0,1,2,2,4,79551.2202
2005,Defense,L,Large Vendor,PID,0,1,1,221,221,364187,80480374993
2005,Defense,L,Large Vendor,PID,1,1,1,14,14,1578,1389974857
2005,Defense,M,Medium Vendor,PDuns,NULL,0,0,72,72,3,487600
2005,Defense,M,Medium Vendor,PDuns,NULL,0,1,11,11,3,28330
2005,Defense,M,Medium Vendor,PDuns,NULL,1,1,46,46,54,157334.1298
2005,Defense,M,Medium Vendor,PDuns,0,0,0,1223,1352,4008,76404409.87
2005,Defense,M,Medium Vendor,PDuns,0,0,1,2313,2350,6234,70582610.02
2005,Defense,M,Medium Vendor,PDuns,0,1,1,3389,3760,48289,7636135089
2005,Defense,M,Medium Vendor,PDuns,1,0,0,1704,1705,4151,5546808.37
2005,Defense,M,Medium Vendor,PDuns,1,0,1,2638,2651,15767,67139817.12
2005,Defense,M,Medium Vendor,PDuns,1,1,1,3314,3386,48403,5232321737
2005,Defense,M,Medium Vendor,PID,NULL,0,0,2,2,0,0
2005,Defense,M,Medium Vendor,PID,NULL,1,1,2,2,0,0
2005,Defense,M,Medium Vendor,PID,0,0,0,6,6,10,1966
2005,Defense,M,Medium Vendor,PID,0,0,1,21,21,61,522274
2005,Defense,M,Medium Vendor,PID,0,1,1,305,305,30882,9692937936
2005,Defense,M,Medium Vendor,PID,1,0,0,2,2,2,4914
2005,Defense,M,Medium Vendor,PID,1,0,1,4,4,14,112895
2005,Defense,M,Medium Vendor,PID,1,1,1,37,37,1360,1661227028
2005,Defense,N,Sometimes Small Vendor,Duns,0,1,1,6,4,55929,7668725292
2005,Defense,N,Sometimes Small Vendor,Name,0,1,1,1,1,9,1979537
2005,Defense,N,Sometimes Small Vendor,PDuns,NULL,0,0,1,1,0,0
2005,Defense,N,Sometimes Small Vendor,PDuns,NULL,1,1,4,4,0,0
2005,Defense,N,Sometimes Small Vendor,PDuns,0,0,0,303,307,878,1323632.85
2005,Defense,N,Sometimes Small Vendor,PDuns,0,0,1,2209,2363,12101,77261529.32
2005,Defense,N,Sometimes Small Vendor,PDuns,0,1,1,7681,11400,318849,20773241888
2005,Defense,N,Sometimes Small Vendor,PDuns,1,0,0,1,1,1,3985
2005,Defense,N,Sometimes Small Vendor,PDuns,1,0,1,11,11,44,331302
2005,Defense,N,Sometimes Small Vendor,PDuns,1,1,1,52,52,840,56939644.91
2005,Defense,N,Sometimes Small Vendor,PID,0,0,1,23,23,171,1295559
2005,Defense,N,Sometimes Small Vendor,PID,0,1,1,907,907,155191,30672814924
2005,Defense,S,Always Small Vendor,Name,1,0,0,4,1,4,9391.0102
2005,Defense,S,Always Small Vendor,PDuns,NULL,0,0,183,183,1,3929.9399
2005,Defense,S,Always Small Vendor,PDuns,NULL,0,1,13,13,4,50059
2005,Defense,S,Always Small Vendor,PDuns,NULL,1,1,176,176,3,71238
2005,Defense,S,Always Small Vendor,PDuns,0,0,0,9054,9063,15384,26076640.6
2005,Defense,S,Always Small Vendor,PDuns,0,0,1,21841,21927,83750,606323389.8
2005,Defense,S,Always Small Vendor,PDuns,0,1,1,23129,23461,271759,20649334446
2005,Defense,S,Always Small Vendor,PDuns,1,0,0,4,4,47,11500.52
2005,Defense,S,Always Small Vendor,PDuns,1,0,1,9,9,10,103813.1601
2005,Defense,S,Always Small Vendor,PDuns,1,1,1,16,16,35,3421385.423
2005,Defense,S,Always Small Vendor,PID,NULL,0,0,1,1,0,0
2005,Defense,S,Always Small Vendor,PID,0,0,0,16,16,33,21931
2005,Defense,S,Always Small Vendor,PID,0,0,1,47,47,224,1445196
2005,Defense,S,Always Small Vendor,PID,0,1,1,289,289,5704,2507766645
2005,Defense,U,Unlabeled Vendor,Duns,1,0,1,1,1,1,16669.7598
2005,Defense,U,Unlabeled Vendor,Duns,1,1,1,4,1,10,945697.7246
2005,Defense,U,Unlabeled Vendor,Name,1,0,0,1,1,1,1743.17
2005,Defense,U,Unlabeled Vendor,Name,1,1,1,5,2,23,1723906.563
2006,Defense,NULL,NULL,PID,NULL,NULL,NULL,14,14,572,262573586.5
2006,Defense,B,Big Five,PDuns,0,0,1,1,8,73,23379213.19
2006,Defense,B,Big Five,PID,0,1,1,5,5,55450,86791838624
2006,Defense,J,Large: Big 5 JV,PID,0,1,1,6,6,271,1644068172
2006,Defense,J,Large: Big 5 JV,PID,1,1,1,1,1,15,58224019
2006,Defense,L,Large Vendor,Duns,0,1,1,1,1,2502,222259191.2
2006,Defense,L,Large Vendor,PDuns,0,0,0,1,1,2,117328
2006,Defense,L,Large Vendor,PDuns,0,0,1,2,13,105,23255948
2006,Defense,L,Large Vendor,PDuns,0,1,1,61,439,8105,690618792.7
2006,Defense,L,Large Vendor,PDuns,1,1,1,1,1,28,28136256
2006,Defense,L,Large Vendor,PID,NULL,0,0,1,1,0,0
2006,Defense,L,Large Vendor,PID,0,0,1,2,2,12,28338
2006,Defense,L,Large Vendor,PID,0,1,1,220,220,361220,88145306990
2006,Defense,L,Large Vendor,PID,1,0,0,1,1,2,-2090162
2006,Defense,L,Large Vendor,PID,1,1,1,15,15,1559,3361502738
2006,Defense,M,Medium Vendor,PDuns,NULL,0,0,67,67,7,9583.18
2006,Defense,M,Medium Vendor,PDuns,NULL,0,1,6,6,51,164686.54
2006,Defense,M,Medium Vendor,PDuns,NULL,1,1,123,123,308,9525444
2006,Defense,M,Medium Vendor,PDuns,0,0,0,924,937,1551,16820342.93
2006,Defense,M,Medium Vendor,PDuns,0,0,1,1760,1773,4522,39684768.16
2006,Defense,M,Medium Vendor,PDuns,0,1,1,3192,3563,38895,8097864100
2006,Defense,M,Medium Vendor,PDuns,1,0,0,1250,1252,3076,-37593313.38
2006,Defense,M,Medium Vendor,PDuns,1,0,1,2008,2017,6772,45405183.94
2006,Defense,M,Medium Vendor,PDuns,1,1,1,3285,3343,33109,5201914539
2006,Defense,M,Medium Vendor,PID,NULL,0,1,1,1,1,-811
2006,Defense,M,Medium Vendor,PID,NULL,1,1,3,3,0,0
2006,Defense,M,Medium Vendor,PID,0,0,0,11,11,26,-227882
2006,Defense,M,Medium Vendor,PID,0,0,1,15,15,65,446629
2006,Defense,M,Medium Vendor,PID,0,1,1,264,264,17756,9313616746
2006,Defense,M,Medium Vendor,PID,1,0,0,1,1,2,0
2006,Defense,M,Medium Vendor,PID,1,0,1,4,4,16,76731
2006,Defense,M,Medium Vendor,PID,1,1,1,40,40,1428,3153269097
2006,Defense,N,Sometimes Small Vendor,Duns,0,1,1,6,4,64269,7458348357
2006,Defense,N,Sometimes Small Vendor,Name,0,1,1,1,1,8,453265
2006,Defense,N,Sometimes Small Vendor,PDuns,NULL,1,1,4,4,1,51929
2006,Defense,N,Sometimes Small Vendor,PDuns,0,0,0,325,326,801,1460122.46
2006,Defense,N,Sometimes Small Vendor,PDuns,0,0,1,2020,2131,10627,71818942.8
2006,Defense,N,Sometimes Small Vendor,PDuns,0,1,1,8221,12111,306635,22007573549
2006,Defense,N,Sometimes Small Vendor,PDuns,1,0,0,11,11,33,47915
2006,Defense,N,Sometimes Small Vendor,PDuns,1,0,1,51,51,175,985930.7002
2006,Defense,N,Sometimes Small Vendor,PDuns,1,1,1,206,212,4650,373723544.5
2006,Defense,N,Sometimes Small Vendor,PID,0,0,0,3,3,23,-107910
2006,Defense,N,Sometimes Small Vendor,PID,0,0,1,13,13,44,333087
2006,Defense,N,Sometimes Small Vendor,PID,0,1,1,918,918,151791,32081781146
2006,Defense,N,Sometimes Small Vendor,PID,1,1,1,2,2,35,6514600.07
2006,Defense,S,Always Small Vendor,Name,1,0,1,1,1,1,-31
2006,Defense,S,Always Small Vendor,PDuns,NULL,0,0,144,144,1,205
2006,Defense,S,Always Small Vendor,PDuns,NULL,0,1,17,17,2,25000
2006,Defense,S,Always Small Vendor,PDuns,NULL,1,1,338,338,4,1220329
2006,Defense,S,Always Small Vendor,PDuns,0,0,0,7661,7668,13367,23804635.96
2006,Defense,S,Always Small Vendor,PDuns,0,0,1,18780,18873,70181,479748663.9
2006,Defense,S,Always Small Vendor,PDuns,0,1,1,25397,25815,262291,23157203909
2006,Defense,S,Always Small Vendor,PDuns,1,0,0,69,69,151,229216.53
2006,Defense,S,Always Small Vendor,PDuns,1,0,1,82,82,119,1296099.989
2006,Defense,S,Always Small Vendor,PDuns,1,1,1,140,140,308,32344423.09
2006,Defense,S,Always Small Vendor,PID,0,0,0,13,13,20,30349
2006,Defense,S,Always Small Vendor,PID,0,0,1,33,33,178,856953
2006,Defense,S,Always Small Vendor,PID,0,1,1,302,302,6357,2283829469
2006,Defense,U,Unlabeled Vendor,Duns,1,0,0,4,1,6,2400
2006,Defense,U,Unlabeled Vendor,Duns,1,0,1,1,1,1,-3366
2006,Defense,U,Unlabeled Vendor,Duns,1,1,1,5,2,6,91175.03
2006,Defense,U,Unlabeled Vendor,Name,1,0,1,2,1,2,-7008
2006,Defense,U,Unlabeled Vendor,Name,1,1,1,6,2,11,-15674.0801
2007,Defense,NULL,NULL,PID,NULL,NULL,NULL,12,12,327,94314033.34
2007,Defense,B,Big Five,PDuns,0,0,1,1,8,72,34756301
2007,Defense,B,Big Five,PDuns,0,1,1,7,28,836,158129796.2
2007,Defense,B,Big Five,PID,0,1,1,5,5,70023,96254743708
2007,Defense,J,Large: Big 5 JV,PID,0,1,1,6,6,764,2750058663
2007,Defense,J,Large: Big 5 JV,PID,1,1,1,1,1,18,61705756
2007,Defense,L,Large Vendor,Duns,0,1,1,1,1,7953,277650106.4
2007,Defense,L,Large Vendor,PDuns,0,0,0,2,4,37,1635458.798
2007,Defense,L,Large Vendor,PDuns,0,0,1,1,1,6,24206
2007,Defense,L,Large Vendor,PDuns,0,1,1,98,552,12242,2071035443
2007,Defense,L,Large Vendor,PDuns,1,1,1,2,8,208,19653312.68
2007,Defense,L,Large Vendor,PID,NULL,1,1,1,1,0,0
2007,Defense,L,Large Vendor,PID,0,1,1,222,222,404317,98598208423
2007,Defense,L,Large Vendor,PID,1,1,1,16,16,5893,4786755290
2007,Defense,M,Medium Vendor,PDuns,NULL,0,0,142,142,0,0
2007,Defense,M,Medium Vendor,PDuns,NULL,0,1,12,12,0,0
2007,Defense,M,Medium Vendor,PDuns,NULL,1,1,275,275,5,427370
2007,Defense,M,Medium Vendor,PDuns,0,0,0,667,669,996,5602000.057
2007,Defense,M,Medium Vendor,PDuns,0,0,1,1596,1627,3038,60446505.02
2007,Defense,M,Medium Vendor,PDuns,0,1,1,3940,4375,33204,8081687444
2007,Defense,M,Medium Vendor,PDuns,1,0,0,716,716,1531,1417503.07
2007,Defense,M,Medium Vendor,PDuns,1,0,1,1332,1335,3502,11954054.67
2007,Defense,M,Medium Vendor,PDuns,1,1,1,3722,3790,35152,3758064637
2007,Defense,M,Medium Vendor,PID,NULL,1,1,2,2,0,0
2007,Defense,M,Medium Vendor,PID,0,0,0,1,1,1,-9491.6797
2007,Defense,M,Medium Vendor,PID,0,0,1,11,11,18,136534
2007,Defense,M,Medium Vendor,PID,0,1,1,294,294,9617,11656962861
2007,Defense,M,Medium Vendor,PID,1,1,1,46,46,6480,2511169349
2007,Defense,N,Sometimes Small Vendor,Duns,0,1,1,6,4,76201,7172400854
2007,Defense,N,Sometimes Small Vendor,PDuns,NULL,0,0,3,3,0,0
2007,Defense,N,Sometimes Small Vendor,PDuns,NULL,0,1,1,1,0,0
2007,Defense,N,Sometimes Small Vendor,PDuns,NULL,1,1,27,27,0,0
2007,Defense,N,Sometimes Small Vendor,PDuns,0,0,0,275,277,888,477468.99
2007,Defense,N,Sometimes Small Vendor,PDuns,0,0,1,1644,1706,5705,28694697.85
2007,Defense,N,Sometimes Small Vendor,PDuns,0,1,1,10074,14294,367827,24690356737
2007,Defense,N,Sometimes Small Vendor,PDuns,1,0,0,50,50,370,284048.06
2007,Defense,N,Sometimes Small Vendor,PDuns,1,0,1,109,109,608,1881382.44
2007,Defense,N,Sometimes Small Vendor,PDuns,1,1,1,557,582,13381,649584310.9
2007,Defense,N,Sometimes Small Vendor,PID,0,0,0,2,2,4,5427
2007,Defense,N,Sometimes Small Vendor,PID,0,0,1,5,5,23,142020
2007,Defense,N,Sometimes Small Vendor,PID,0,1,1,932,932,165537,36402293240
2007,Defense,N,Sometimes Small Vendor,PID,1,1,1,4,4,2084,84777991.23
2007,Defense,S,Always Small Vendor,Duns,1,0,0,1,1,2,2618
2007,Defense,S,Always Small Vendor,PDuns,NULL,0,0,290,290,0,0
2007,Defense,S,Always Small Vendor,PDuns,NULL,0,1,28,28,0,0
2007,Defense,S,Always Small Vendor,PDuns,NULL,1,1,889,890,3,15757
2007,Defense,S,Always Small Vendor,PDuns,0,0,0,4828,4829,8063,11846138.86
2007,Defense,S,Always Small Vendor,PDuns,0,0,1,14567,14622,31265,154073236.3
2007,Defense,S,Always Small Vendor,PDuns,0,1,1,31468,31988,287783,25576725658
2007,Defense,S,Always Small Vendor,PDuns,1,0,0,145,145,232,365207.3594
2007,Defense,S,Always Small Vendor,PDuns,1,0,1,220,220,449,2220557.07
2007,Defense,S,Always Small Vendor,PDuns,1,1,1,335,344,831,55150558.93
2007,Defense,S,Always Small Vendor,PID,NULL,0,0,1,1,0,0
2007,Defense,S,Always Small Vendor,PID,NULL,1,1,2,2,0,0
2007,Defense,S,Always Small Vendor,PID,0,0,0,10,10,15,16709.5
2007,Defense,S,Always Small Vendor,PID,0,0,1,25,25,52,229023
2007,Defense,S,Always Small Vendor,PID,0,1,1,292,292,7109,1918278606
2007,Defense,S,Always Small Vendor,PID,1,1,1,1,1,1,27367
2007,Defense,U,Unlabeled Vendor,Duns,1,0,0,3,1,3,3323
2007,Defense,U,Unlabeled Vendor,Duns,1,1,1,6,2,20,2358592
2007,Defense,U,Unlabeled Vendor,Name,1,0,0,1,1,1,-2079
2007,Defense,U,Unlabeled Vendor,Name,1,0,1,1,1,2,-1140
2007,Defense,U,Unlabeled Vendor,Name,1,1,1,4,1,16,1351879
2008,Defense,NULL,NULL,PID,NULL,NULL,NULL,13,13,374,123404902.4
2008,Defense,B,Big Five,PDuns,NULL,0,0,1,4,12,513937.42
2008,Defense,B,Big Five,PDuns,0,1,1,4,7,133,4673818.701
2008,Defense,B,Big Five,PID,0,1,1,5,5,77803,1.00814E+11
2008,Defense,J,Large: Big 5 JV,PID,0,1,1,9,9,874,4349787022
2008,Defense,L,Large Vendor,Duns,0,1,1,1,1,7075,267631727.6
2008,Defense,L,Large Vendor,Duns,1,1,1,1,1,1,9368
2008,Defense,L,Large Vendor,PDuns,0,0,1,2,5,86,13331904.94
2008,Defense,L,Large Vendor,PDuns,0,1,1,81,554,10767,1543962499
2008,Defense,L,Large Vendor,PDuns,1,0,0,1,2,78,1006321.44
2008,Defense,L,Large Vendor,PDuns,1,1,1,3,8,208,75223053.73
2008,Defense,L,Large Vendor,PID,NULL,1,1,1,1,0,0
2008,Defense,L,Large Vendor,PID,0,1,1,219,219,427417,1.26491E+11
2008,Defense,L,Large Vendor,PID,1,1,1,19,19,775,3941028827
2008,Defense,M,Medium Vendor,PDuns,NULL,0,0,98,98,0,0
2008,Defense,M,Medium Vendor,PDuns,NULL,0,1,8,8,1,8650
2008,Defense,M,Medium Vendor,PDuns,NULL,1,1,338,338,6,5794333
2008,Defense,M,Medium Vendor,PDuns,0,0,0,560,562,900,7808526.561
2008,Defense,M,Medium Vendor,PDuns,0,0,1,1656,1668,2884,22260228.8
2008,Defense,M,Medium Vendor,PDuns,0,1,1,4445,4919,42771,11117786647
2008,Defense,M,Medium Vendor,PDuns,1,0,0,675,684,1522,1718975.048
2008,Defense,M,Medium Vendor,PDuns,1,0,1,1235,1238,3705,13561636.54
2008,Defense,M,Medium Vendor,PDuns,1,1,1,3834,3916,35452,4148908562
2008,Defense,M,Medium Vendor,PID,NULL,1,1,1,1,0,0
2008,Defense,M,Medium Vendor,PID,0,0,0,4,4,5,1504857
2008,Defense,M,Medium Vendor,PID,0,0,1,8,8,10,34067.53
2008,Defense,M,Medium Vendor,PID,0,1,1,286,286,13988,23550400997
2008,Defense,M,Medium Vendor,PID,1,0,0,1,1,1,0
2008,Defense,M,Medium Vendor,PID,1,1,1,45,45,10288,3644069125
2008,Defense,N,Sometimes Small Vendor,Duns,0,1,1,5,4,81208,9348581511
2008,Defense,N,Sometimes Small Vendor,PDuns,NULL,0,0,3,3,0,0
2008,Defense,N,Sometimes Small Vendor,PDuns,NULL,0,1,1,1,0,0
2008,Defense,N,Sometimes Small Vendor,PDuns,NULL,1,1,26,27,0,0
2008,Defense,N,Sometimes Small Vendor,PDuns,0,0,0,203,204,695,792489.7928
2008,Defense,N,Sometimes Small Vendor,PDuns,0,0,1,1415,1467,4936,21044721.99
2008,Defense,N,Sometimes Small Vendor,PDuns,0,1,1,10662,15324,411859,29627649124
2008,Defense,N,Sometimes Small Vendor,PDuns,1,0,0,17,17,80,78182.0799
2008,Defense,N,Sometimes Small Vendor,PDuns,1,0,1,69,69,356,1263725.87
2008,Defense,N,Sometimes Small Vendor,PDuns,1,1,1,464,479,10202,856870177.4
2008,Defense,N,Sometimes Small Vendor,PID,0,0,0,1,1,2,1492
2008,Defense,N,Sometimes Small Vendor,PID,0,0,1,10,10,101,36106.0237
2008,Defense,N,Sometimes Small Vendor,PID,0,1,1,922,922,181781,42332926259
2008,Defense,N,Sometimes Small Vendor,PID,1,1,1,6,6,193,423813396.7
2008,Defense,S,Always Small Vendor,PDuns,NULL,0,0,238,238,0,0
2008,Defense,S,Always Small Vendor,PDuns,NULL,0,1,31,31,0,0
2008,Defense,S,Always Small Vendor,PDuns,NULL,1,1,896,898,1,1072
2008,Defense,S,Always Small Vendor,PDuns,0,0,0,3705,3722,6519,59186828.12
2008,Defense,S,Always Small Vendor,PDuns,0,0,1,13346,13379,26971,168147311.8
2008,Defense,S,Always Small Vendor,PDuns,0,1,1,32827,33341,310999,26547962354
2008,Defense,S,Always Small Vendor,PDuns,1,0,0,116,116,192,106691.2797
2008,Defense,S,Always Small Vendor,PDuns,1,0,1,204,204,381,1811490.519
2008,Defense,S,Always Small Vendor,PDuns,1,1,1,377,377,976,65928964.51
2008,Defense,S,Always Small Vendor,PID,NULL,0,0,1,1,0,0
2008,Defense,S,Always Small Vendor,PID,NULL,1,1,1,1,0,0
2008,Defense,S,Always Small Vendor,PID,0,0,0,4,4,11,7325
2008,Defense,S,Always Small Vendor,PID,0,0,1,24,24,44,255730.2098
2008,Defense,S,Always Small Vendor,PID,0,1,1,256,256,6046,1852684115
2008,Defense,S,Always Small Vendor,PID,1,1,1,1,1,1,-2565
2008,Defense,U,Unlabeled Vendor,Duns,0,1,1,2,2,0,0
2008,Defense,U,Unlabeled Vendor,Duns,1,0,0,2,1,3,0
2008,Defense,U,Unlabeled Vendor,Duns,1,0,1,1,1,1,16927
2008,Defense,U,Unlabeled Vendor,Duns,1,1,1,3,1,26,1077522.43
2009,Defense,NULL,NULL,PID,NULL,NULL,NULL,13,13,259,43297819.12
2009,Defense,B,Big Five,PDuns,0,1,1,3,3,39,5129410.06
2009,Defense,B,Big Five,PID,0,1,1,5,5,74449,1.0208E+11
2009,Defense,J,Large: Big 5 JV,PDuns,0,1,1,1,2,174,83496544.32
2009,Defense,J,Large: Big 5 JV,PID,0,1,1,9,9,1139,4937739687
2009,Defense,J,Large: Big 5 JV,PID,1,1,1,1,1,17,65656433.38
2009,Defense,L,Large Vendor,Duns,1,1,1,1,1,8882,278994339
2009,Defense,L,Large Vendor,PDuns,NULL,0,0,1,2,33,2772456.42
2009,Defense,L,Large Vendor,PDuns,0,0,0,1,8,132,30609338.16
2009,Defense,L,Large Vendor,PDuns,0,0,1,4,21,216,38905100.43
2009,Defense,L,Large Vendor,PDuns,0,1,1,88,596,14837,2165857451
2009,Defense,L,Large Vendor,PDuns,1,1,1,6,32,882,145872264.4
2009,Defense,L,Large Vendor,PID,NULL,0,0,1,1,0,0
2009,Defense,L,Large Vendor,PID,NULL,1,1,1,1,0,0
2009,Defense,L,Large Vendor,PID,0,1,1,227,227,400052,1.19444E+11
2009,Defense,L,Large Vendor,PID,1,1,1,18,18,1893,6785443108
2009,Defense,M,Medium Vendor,Duns,1,1,1,1,1,1,31063.1504
2009,Defense,M,Medium Vendor,PDuns,NULL,0,0,92,93,68,40631899.68
2009,Defense,M,Medium Vendor,PDuns,NULL,0,1,10,10,1,0
2009,Defense,M,Medium Vendor,PDuns,NULL,1,1,266,267,1,0
2009,Defense,M,Medium Vendor,PDuns,0,0,0,580,586,855,784197.871
2009,Defense,M,Medium Vendor,PDuns,0,0,1,1752,1762,3077,16296457.8
2009,Defense,M,Medium Vendor,PDuns,0,1,1,4714,5423,43579,11702338831
2009,Defense,M,Medium Vendor,PDuns,1,0,0,645,646,1409,925150.07
2009,Defense,M,Medium Vendor,PDuns,1,0,1,1141,1149,3081,14345718.51
2009,Defense,M,Medium Vendor,PDuns,1,1,1,4308,4416,40080,5044242670
2009,Defense,M,Medium Vendor,PID,NULL,0,0,1,1,0,0
2009,Defense,M,Medium Vendor,PID,0,0,0,4,4,4,-1502489.95
2009,Defense,M,Medium Vendor,PID,0,0,1,5,5,9,61651.8301
2009,Defense,M,Medium Vendor,PID,0,1,1,326,326,18036,138004571.6
2009,Defense,M,Medium Vendor,PID,1,0,1,2,2,2,16594.4102
2009,Defense,M,Medium Vendor,PID,1,1,1,42,42,18298,4377249808
2009,Defense,N,Sometimes Small Vendor,Duns,0,1,1,5,4,72146,5539613967
2009,Defense,N,Sometimes Small Vendor,PDuns,NULL,0,0,3,3,0,0
2009,Defense,N,Sometimes Small Vendor,PDuns,NULL,0,1,1,1,0,0
2009,Defense,N,Sometimes Small Vendor,PDuns,NULL,1,1,26,26,0,0
2009,Defense,N,Sometimes Small Vendor,PDuns,0,0,0,131,137,431,271467.4702
2009,Defense,N,Sometimes Small Vendor,PDuns,0,0,1,1203,1267,4325,35417950.42
2009,Defense,N,Sometimes Small Vendor,PDuns,0,1,1,10595,15059,396259,30377999416
2009,Defense,N,Sometimes Small Vendor,PDuns,1,0,0,22,22,116,88916.5802
2009,Defense,N,Sometimes Small Vendor,PDuns,1,0,1,56,56,264,675310.4496
2009,Defense,N,Sometimes Small Vendor,PDuns,1,1,1,394,415,8611,554582487.2
2009,Defense,N,Sometimes Small Vendor,PID,0,0,1,8,8,73,148202.0501
2009,Defense,N,Sometimes Small Vendor,PID,0,1,1,856,856,158453,41229116624
2009,Defense,N,Sometimes Small Vendor,PID,1,1,1,9,9,456,75011380.53
2009,Defense,S,Always Small Vendor,Duns,1,1,1,1,1,1,1323989.375
2009,Defense,S,Always Small Vendor,PDuns,NULL,0,0,225,225,1,3691
2009,Defense,S,Always Small Vendor,PDuns,NULL,0,1,17,17,0,0
2009,Defense,S,Always Small Vendor,PDuns,NULL,1,1,670,672,45,11770612.48
2009,Defense,S,Always Small Vendor,PDuns,0,0,0,3687,3693,6581,6477410.825
2009,Defense,S,Always Small Vendor,PDuns,0,0,1,12816,12856,26343,131151564.6
2009,Defense,S,Always Small Vendor,PDuns,0,1,1,33418,33871,281484,29355953582
2009,Defense,S,Always Small Vendor,PDuns,1,0,0,98,98,127,46108.0203
2009,Defense,S,Always Small Vendor,PDuns,1,0,1,173,173,253,964302.525
2009,Defense,S,Always Small Vendor,PDuns,1,1,1,329,329,591,84364278.97
2009,Defense,S,Always Small Vendor,PID,NULL,1,1,2,2,0,0
2009,Defense,S,Always Small Vendor,PID,0,0,0,11,11,15,6805.59
2009,Defense,S,Always Small Vendor,PID,0,0,1,10,10,27,111866.0307
2009,Defense,S,Always Small Vendor,PID,0,1,1,229,229,4722,2323993826
2009,Defense,S,Always Small Vendor,PID,1,1,1,1,1,2,2192481
2009,Defense,U,Unlabeled Vendor,Duns,1,0,0,1,1,1,3333.1101
2009,Defense,U,Unlabeled Vendor,Duns,1,0,1,2,1,3,5320
2009,Defense,U,Unlabeled Vendor,Duns,1,1,1,5,1,9,7555637.344
2010,Defense,NULL,NULL,PID,NULL,NULL,NULL,12,12,285,67575517.84
2010,Defense,B,Big Five,PDuns,0,1,1,6,24,773,110029735.5
2010,Defense,B,Big Five,PID,0,1,1,5,5,77917,92008031451
2010,Defense,J,Large: Big 5 JV,PID,0,1,1,9,9,1893,4633460671
2010,Defense,J,Large: Big 5 JV,PID,1,1,1,2,2,31,60480767.61
2010,Defense,L,Large Vendor,Duns,0,1,1,1,1,6834,226030933.5
2010,Defense,L,Large Vendor,PDuns,NULL,1,1,1,10,566,13002593.22
2010,Defense,L,Large Vendor,PDuns,0,0,1,1,1,1,4572
2010,Defense,L,Large Vendor,PDuns,0,1,1,72,287,9338,1055696852
2010,Defense,L,Large Vendor,PDuns,1,1,1,5,13,245,53269673.82
2010,Defense,L,Large Vendor,PID,NULL,1,1,1,1,0,0
2010,Defense,L,Large Vendor,PID,0,0,1,1,1,3,5845.3301
2010,Defense,L,Large Vendor,PID,0,1,1,234,234,413323,1.17834E+11
2010,Defense,L,Large Vendor,PID,1,1,1,18,18,1520,5495856323
2010,Defense,M,Medium Vendor,Duns,1,1,1,1,1,1,31063.1504
2010,Defense,M,Medium Vendor,PDuns,NULL,0,0,120,120,1,138.5
2010,Defense,M,Medium Vendor,PDuns,NULL,0,1,8,8,0,0
2010,Defense,M,Medium Vendor,PDuns,NULL,1,1,320,325,6,95250.9707
2010,Defense,M,Medium Vendor,PDuns,0,0,0,521,530,808,2779769.106
2010,Defense,M,Medium Vendor,PDuns,0,0,1,1589,1766,5456,131710811.2
2010,Defense,M,Medium Vendor,PDuns,0,1,1,5012,5665,62688,11683702476
2010,Defense,M,Medium Vendor,PDuns,1,0,0,612,612,1287,1699908.25
2010,Defense,M,Medium Vendor,PDuns,1,0,1,1038,1049,2839,16888718.37
2010,Defense,M,Medium Vendor,PDuns,1,1,1,4295,4409,41450,5294398599
2010,Defense,M,Medium Vendor,PID,NULL,1,1,5,5,0,0
2010,Defense,M,Medium Vendor,PID,0,0,0,4,4,4,8698.1799
2010,Defense,M,Medium Vendor,PID,0,0,1,15,15,29,86067.8699
2010,Defense,M,Medium Vendor,PID,0,1,1,356,356,18371,12615980014
2010,Defense,M,Medium Vendor,PID,1,0,1,3,3,7,50970.9395
2010,Defense,M,Medium Vendor,PID,1,1,1,39,39,25063,4715649636
2010,Defense,N,Sometimes Small Vendor,Duns,0,1,1,5,4,109122,4900022652
2010,Defense,N,Sometimes Small Vendor,PDuns,NULL,0,0,1,1,0,0
2010,Defense,N,Sometimes Small Vendor,PDuns,NULL,0,1,1,1,0,0
2010,Defense,N,Sometimes Small Vendor,PDuns,NULL,1,1,11,11,0,0
2010,Defense,N,Sometimes Small Vendor,PDuns,0,0,0,119,124,490,660639.3191
2010,Defense,N,Sometimes Small Vendor,PDuns,0,0,1,1052,1117,3864,34931231.24
2010,Defense,N,Sometimes Small Vendor,PDuns,0,1,1,10715,15205,388774,31179762818
2010,Defense,N,Sometimes Small Vendor,PDuns,1,0,0,5,5,15,22004.91
2010,Defense,N,Sometimes Small Vendor,PDuns,1,0,1,30,30,173,480869.7785
2010,Defense,N,Sometimes Small Vendor,PDuns,1,1,1,242,251,5834,599545782.3
2010,Defense,N,Sometimes Small Vendor,PID,0,0,1,9,9,18,58405.3304
2010,Defense,N,Sometimes Small Vendor,PID,0,1,1,803,803,131174,37093595346
2010,Defense,N,Sometimes Small Vendor,PID,1,1,1,9,9,1033,168743813.9
2010,Defense,S,Always Small Vendor,PDuns,NULL,0,0,314,314,0,0
2010,Defense,S,Always Small Vendor,PDuns,NULL,0,1,16,16,0,0
2010,Defense,S,Always Small Vendor,PDuns,NULL,1,1,820,829,116,46634417.7
2010,Defense,S,Always Small Vendor,PDuns,0,0,0,3356,3363,5659,2215262.195
2010,Defense,S,Always Small Vendor,PDuns,0,0,1,11711,11761,23869,116761570.8
2010,Defense,S,Always Small Vendor,PDuns,0,1,1,33561,33971,280518,29419746022
2010,Defense,S,Always Small Vendor,PDuns,1,0,0,30,30,39,-106950.23
2010,Defense,S,Always Small Vendor,PDuns,1,0,1,117,117,175,2482445.501
2010,Defense,S,Always Small Vendor,PDuns,1,1,1,251,251,536,57600990.08
2010,Defense,S,Always Small Vendor,PID,NULL,0,0,1,1,0,0
2010,Defense,S,Always Small Vendor,PID,NULL,1,1,3,3,0,0
2010,Defense,S,Always Small Vendor,PID,0,0,0,6,6,7,-14808.1799
2010,Defense,S,Always Small Vendor,PID,0,0,1,10,10,89,160688.7996
2010,Defense,S,Always Small Vendor,PID,0,1,1,204,204,6112,2362464104
2010,Defense,S,Always Small Vendor,PID,1,1,1,3,3,6,2302645
2010,Defense,U,Unlabeled Vendor,Duns,1,0,1,1,1,1,-6714.2998
2010,Defense,U,Unlabeled Vendor,Duns,1,1,1,5,1,9,8565746.961
2011,Defense,NULL,NULL,PID,NULL,NULL,NULL,13,13,393,192177167.3
2011,Defense,B,Big Five,PDuns,0,0,0,1,12,71,8920245.282
2011,Defense,B,Big Five,PDuns,0,0,1,1,8,85,5280822.221
2011,Defense,B,Big Five,PDuns,0,1,1,6,14,268,21458890.08
2011,Defense,B,Big Five,PID,0,1,1,5,5,81043,1.05004E+11
2011,Defense,J,Large: Big 5 JV,PID,0,1,1,8,8,2148,4299020863
2011,Defense,L,Large Vendor,Duns,0,1,1,1,1,7061,281361671.3
2011,Defense,L,Large Vendor,PDuns,0,0,0,2,3,10,290309.6874
2011,Defense,L,Large Vendor,PDuns,0,0,1,1,11,217,62849775.98
2011,Defense,L,Large Vendor,PDuns,0,1,1,77,311,8220,680201606.6
2011,Defense,L,Large Vendor,PDuns,1,1,1,3,14,196,18653983.38
2011,Defense,L,Large Vendor,PID,NULL,1,1,2,2,0,0
2011,Defense,L,Large Vendor,PID,0,1,1,231,231,9725762,1.13784E+11
2011,Defense,L,Large Vendor,PID,1,1,1,18,18,1641,3942562607
2011,Defense,M,Medium Vendor,Duns,1,0,0,1,1,1,0
2011,Defense,M,Medium Vendor,Duns,1,1,1,3,3,8,759627.6211
2011,Defense,M,Medium Vendor,PDuns,NULL,0,0,91,91,0,0
2011,Defense,M,Medium Vendor,PDuns,NULL,0,1,7,7,1,14100
2011,Defense,M,Medium Vendor,PDuns,NULL,1,1,290,300,152,4064162.47
2011,Defense,M,Medium Vendor,PDuns,0,0,0,553,568,890,1601196.838
2011,Defense,M,Medium Vendor,PDuns,0,0,1,1659,1672,3204,23706713.72
2011,Defense,M,Medium Vendor,PDuns,0,1,1,5435,6324,83307,10032040496
2011,Defense,M,Medium Vendor,PDuns,1,0,0,474,474,974,845399.1926
2011,Defense,M,Medium Vendor,PDuns,1,0,1,937,937,2281,10488100.61
2011,Defense,M,Medium Vendor,PDuns,1,1,1,4534,4626,50410,5316395947
2011,Defense,M,Medium Vendor,PID,NULL,0,0,1,1,0,0
2011,Defense,M,Medium Vendor,PID,NULL,1,1,4,4,0,0
2011,Defense,M,Medium Vendor,PID,0,0,0,5,5,10,-109544.73
2011,Defense,M,Medium Vendor,PID,0,0,1,8,8,20,114127.0508
2011,Defense,M,Medium Vendor,PID,0,1,1,409,409,22816,16547322905
2011,Defense,M,Medium Vendor,PID,1,0,1,5,5,7,104795.0122
2011,Defense,M,Medium Vendor,PID,1,1,1,49,49,45408,5715078123
2011,Defense,N,Sometimes Small Vendor,Duns,0,1,1,5,4,105491,4405699248
2011,Defense,N,Sometimes Small Vendor,PDuns,NULL,0,0,2,2,0,0
2011,Defense,N,Sometimes Small Vendor,PDuns,NULL,0,1,1,1,0,0
2011,Defense,N,Sometimes Small Vendor,PDuns,NULL,1,1,17,19,0,0
2011,Defense,N,Sometimes Small Vendor,PDuns,0,0,0,103,107,401,496210.9401
2011,Defense,N,Sometimes Small Vendor,PDuns,0,0,1,863,898,2851,10868736.59
2011,Defense,N,Sometimes Small Vendor,PDuns,0,1,1,9980,14041,379414,29826108273
2011,Defense,N,Sometimes Small Vendor,PDuns,1,0,0,1,1,5,6577.71
2011,Defense,N,Sometimes Small Vendor,PDuns,1,0,1,15,16,60,87082.3827
2011,Defense,N,Sometimes Small Vendor,PDuns,1,1,1,145,151,4702,370862775.6
2011,Defense,N,Sometimes Small Vendor,PID,0,0,0,3,3,27,3724.8301
2011,Defense,N,Sometimes Small Vendor,PID,0,0,1,8,8,30,72402.7303
2011,Defense,N,Sometimes Small Vendor,PID,0,1,1,730,730,1037470,37005579114
2011,Defense,S,Always Small Vendor,Duns,1,1,1,1,1,1,-683638.75
2011,Defense,S,Always Small Vendor,PDuns,NULL,0,0,239,239,0,0
2011,Defense,S,Always Small Vendor,PDuns,NULL,0,1,20,20,1,6479.2002
2011,Defense,S,Always Small Vendor,PDuns,NULL,1,1,824,830,1,465000
2011,Defense,S,Always Small Vendor,PDuns,0,0,0,3136,3152,5465,3106433.099
2011,Defense,S,Always Small Vendor,PDuns,0,0,1,10622,10646,21894,105103061.3
2011,Defense,S,Always Small Vendor,PDuns,0,1,1,33052,33466,332068,28242564589
2011,Defense,S,Always Small Vendor,PDuns,1,0,0,22,22,32,-9517.1297
2011,Defense,S,Always Small Vendor,PDuns,1,0,1,67,67,110,-1380592.1
2011,Defense,S,Always Small Vendor,PDuns,1,1,1,199,203,661,218124240.8
2011,Defense,S,Always Small Vendor,PID,NULL,1,1,1,1,0,0
2011,Defense,S,Always Small Vendor,PID,0,0,0,7,7,20,8441.0399
2011,Defense,S,Always Small Vendor,PID,0,0,1,8,8,9,55774.49
2011,Defense,S,Always Small Vendor,PID,0,1,1,205,205,6264,2014996081
2011,Defense,S,Always Small Vendor,PID,1,1,1,1,1,5,1157664.125
2011,Defense,U,Unlabeled Vendor,Duns,1,1,1,1,1,1,24243.2695
2012,Defense,NULL,NULL,PID,NULL,NULL,NULL,11,11,360,115764061.3
2012,Defense,B,Big Five,PDuns,0,0,1,1,8,79,63008449.16
2012,Defense,B,Big Five,PDuns,0,1,1,4,9,184,4775014.734
2012,Defense,B,Big Five,PID,0,1,1,5,5,70466,97985221176
2012,Defense,J,Large: Big 5 JV,PID,0,1,1,8,8,2022,6466175990
2012,Defense,J,Large: Big 5 JV,PID,1,1,1,1,1,1,-214465.8125
2012,Defense,L,Large Vendor,Duns,0,1,1,1,1,6000,261145327.3
2012,Defense,L,Large Vendor,PDuns,0,0,0,1,4,12,102438.5205
2012,Defense,L,Large Vendor,PDuns,0,0,1,2,2,2,48020
2012,Defense,L,Large Vendor,PDuns,0,1,1,67,430,6949,584881509.3
2012,Defense,L,Large Vendor,PDuns,1,1,1,2,13,184,34152516.06
2012,Defense,L,Large Vendor,PID,0,1,1,235,235,10278500,1.13849E+11
2012,Defense,L,Large Vendor,PID,1,1,1,19,19,1726,3869833992
2012,Defense,M,Medium Vendor,Duns,NULL,0,0,1,1,0,0
2012,Defense,M,Medium Vendor,Duns,1,0,0,1,1,1,0
2012,Defense,M,Medium Vendor,Duns,1,0,1,1,1,1,6639.27
2012,Defense,M,Medium Vendor,Duns,1,1,1,4,4,4,319401.5195
2012,Defense,M,Medium Vendor,PDuns,NULL,0,0,78,78,29,1092145.383
2012,Defense,M,Medium Vendor,PDuns,NULL,0,1,8,8,0,0
2012,Defense,M,Medium Vendor,PDuns,NULL,1,1,319,320,34,10471630.97
2012,Defense,M,Medium Vendor,PDuns,0,0,0,452,462,946,10639361.55
2012,Defense,M,Medium Vendor,PDuns,0,0,1,1451,1470,2423,12357613.78
2012,Defense,M,Medium Vendor,PDuns,0,1,1,5157,5965,860818,9711195234
2012,Defense,M,Medium Vendor,PDuns,1,0,0,385,381,768,-425507.5958
2012,Defense,M,Medium Vendor,PDuns,1,0,1,807,809,2306,5476225.887
2012,Defense,M,Medium Vendor,PDuns,1,1,1,4227,4314,54494,5559521583
2012,Defense,M,Medium Vendor,PID,NULL,1,1,2,2,0,0
2012,Defense,M,Medium Vendor,PID,0,0,0,4,4,6,22860.0022
2012,Defense,M,Medium Vendor,PID,0,0,1,9,9,11,9508.1604
2012,Defense,M,Medium Vendor,PID,0,1,1,376,376,29707,17743990581
2012,Defense,M,Medium Vendor,PID,1,0,1,1,1,2,-60092.2305
2012,Defense,M,Medium Vendor,PID,1,1,1,50,50,44954,5594099933
2012,Defense,N,Sometimes Small Vendor,Duns,0,1,1,4,3,83045,3233076145
2012,Defense,N,Sometimes Small Vendor,PDuns,NULL,0,0,1,1,0,0
2012,Defense,N,Sometimes Small Vendor,PDuns,NULL,0,1,2,2,0,0
2012,Defense,N,Sometimes Small Vendor,PDuns,NULL,1,1,15,17,0,0
2012,Defense,N,Sometimes Small Vendor,PDuns,0,0,0,78,78,274,259139.7394
2012,Defense,N,Sometimes Small Vendor,PDuns,0,0,1,783,828,3056,12060585.04
2012,Defense,N,Sometimes Small Vendor,PDuns,0,1,1,9577,13318,363333,28551270061
2012,Defense,N,Sometimes Small Vendor,PDuns,1,0,0,1,1,4,3291.97
2012,Defense,N,Sometimes Small Vendor,PDuns,1,0,1,13,13,61,288954.0701
2012,Defense,N,Sometimes Small Vendor,PDuns,1,1,1,116,120,2001,193736748.2
2012,Defense,N,Sometimes Small Vendor,PID,0,0,1,3,3,9,32734.91
2012,Defense,N,Sometimes Small Vendor,PID,0,1,1,719,719,218316,30564003112
2012,Defense,N,Sometimes Small Vendor,PID,1,1,1,5,5,96,10080388.91
2012,Defense,S,Always Small Vendor,PDuns,NULL,0,0,260,260,0,0
2012,Defense,S,Always Small Vendor,PDuns,NULL,0,1,24,24,0,0
2012,Defense,S,Always Small Vendor,PDuns,NULL,1,1,821,824,3,483700
2012,Defense,S,Always Small Vendor,PDuns,0,0,0,2493,2495,4351,905296.75
2012,Defense,S,Always Small Vendor,PDuns,0,0,1,8943,8968,17734,84503287.43
2012,Defense,S,Always Small Vendor,PDuns,0,1,1,32063,32438,307233,29096710042
2012,Defense,S,Always Small Vendor,PDuns,1,0,0,17,17,21,4863.1901
2012,Defense,S,Always Small Vendor,PDuns,1,0,1,69,69,162,918530.4669
2012,Defense,S,Always Small Vendor,PDuns,1,1,1,209,213,526,148437853.4
2012,Defense,S,Always Small Vendor,PID,0,0,0,3,3,3,-1178.1499
2012,Defense,S,Always Small Vendor,PID,0,0,1,6,6,31,64053.5602
2012,Defense,S,Always Small Vendor,PID,0,1,1,181,181,3659,2697709446
2012,Defense,S,Always Small Vendor,PID,1,1,1,1,1,1605,25675486.5
2012,Defense,U,Unlabeled Vendor,Duns,1,1,1,2,1,5,4209114.86
2013,Defense,NULL,NULL,PID,NULL,NULL,NULL,13,13,402,144268007.9
2013,Defense,B,Big Five,PDuns,0,1,1,6,21,184,7605952.28
2013,Defense,B,Big Five,PID,0,1,1,5,5,67054,91413814768
2013,Defense,J,Large: Big 5 JV,PDuns,0,1,1,1,2,25,2574091.3
2013,Defense,J,Large: Big 5 JV,PID,0,1,1,8,8,2340,4431807031
2013,Defense,J,Large: Big 5 JV,PID,1,1,1,1,1,1,344031.76
2013,Defense,L,Large Vendor,Duns,0,1,1,1,1,5463,272030186.5
2013,Defense,L,Large Vendor,PDuns,NULL,1,1,1,1,10,484549.94
2013,Defense,L,Large Vendor,PDuns,0,0,1,1,1,3,22830
2013,Defense,L,Large Vendor,PDuns,0,1,1,73,407,8414,958993945.7
2013,Defense,L,Large Vendor,PDuns,1,1,1,5,12,90,159497409.2
2013,Defense,L,Large Vendor,PID,0,0,1,2,2,3,-10980.88
2013,Defense,L,Large Vendor,PID,0,1,1,229,229,8947373,92111690723
2013,Defense,L,Large Vendor,PID,1,1,1,24,24,17610,5898351203
2013,Defense,M,Medium Vendor,Duns,NULL,0,0,2,2,0,0
2013,Defense,M,Medium Vendor,Duns,NULL,1,1,1,1,2,85526.5
2013,Defense,M,Medium Vendor,Duns,1,0,0,2,2,2,889.6
2013,Defense,M,Medium Vendor,Duns,1,0,1,1,1,2,7127.72
2013,Defense,M,Medium Vendor,Duns,1,1,1,8,8,9,1318191.07
2013,Defense,M,Medium Vendor,PDuns,NULL,0,0,83,82,0,0
2013,Defense,M,Medium Vendor,PDuns,NULL,0,1,12,12,1,12600
2013,Defense,M,Medium Vendor,PDuns,NULL,1,1,312,327,471,107408497.2
2013,Defense,M,Medium Vendor,PDuns,0,0,0,361,371,1034,109698135.3
2013,Defense,M,Medium Vendor,PDuns,0,0,1,1093,1101,1956,7595330.64
2013,Defense,M,Medium Vendor,PDuns,0,1,1,4757,5544,602970,8047058612
2013,Defense,M,Medium Vendor,PDuns,1,0,0,328,328,671,16877.66
2013,Defense,M,Medium Vendor,PDuns,1,0,1,660,657,2118,6271714.71
2013,Defense,M,Medium Vendor,PDuns,1,1,1,3924,4010,45459,4559771820
2013,Defense,M,Medium Vendor,PID,NULL,1,1,2,2,0,0
2013,Defense,M,Medium Vendor,PID,0,0,0,3,3,5,-59259
2013,Defense,M,Medium Vendor,PID,0,0,1,8,8,14,15989.89
2013,Defense,M,Medium Vendor,PID,0,1,1,374,374,51915,17495806746
2013,Defense,M,Medium Vendor,PID,1,0,1,2,2,4,7238.47
2013,Defense,M,Medium Vendor,PID,1,1,1,43,43,15341,1683235622
2013,Defense,N,Sometimes Small Vendor,Duns,0,1,1,4,3,62512,1668530632
2013,Defense,N,Sometimes Small Vendor,PDuns,NULL,0,1,1,1,0,0
2013,Defense,N,Sometimes Small Vendor,PDuns,NULL,1,1,26,27,0,0
2013,Defense,N,Sometimes Small Vendor,PDuns,0,0,0,79,80,346,121442.75
2013,Defense,N,Sometimes Small Vendor,PDuns,0,0,1,646,664,2516,8694989.97
2013,Defense,N,Sometimes Small Vendor,PDuns,0,1,1,8988,12330,344477,24103207809
2013,Defense,N,Sometimes Small Vendor,PDuns,1,0,0,1,1,2,6032.32
2013,Defense,N,Sometimes Small Vendor,PDuns,1,0,1,13,13,36,131025.18
2013,Defense,N,Sometimes Small Vendor,PDuns,1,1,1,139,146,2163,318658872.6
2013,Defense,N,Sometimes Small Vendor,PID,0,0,0,2,2,22,10518.97
2013,Defense,N,Sometimes Small Vendor,PID,0,0,1,1,1,2,6565
2013,Defense,N,Sometimes Small Vendor,PID,0,1,1,635,635,95214,25043168244
2013,Defense,N,Sometimes Small Vendor,PID,1,1,1,6,6,2001,634650424.8
2013,Defense,S,Always Small Vendor,Duns,NULL,0,0,1,1,0,0
2013,Defense,S,Always Small Vendor,Duns,0,0,1,1,1,1,7196.93
2013,Defense,S,Always Small Vendor,PDuns,NULL,0,0,220,220,0,0
2013,Defense,S,Always Small Vendor,PDuns,NULL,0,1,23,23,0,0
2013,Defense,S,Always Small Vendor,PDuns,NULL,1,1,1505,1510,5,263843.98
2013,Defense,S,Always Small Vendor,PDuns,0,0,0,1984,1986,3430,-19942248.73
2013,Defense,S,Always Small Vendor,PDuns,0,0,1,7222,7236,14483,62490821.28
2013,Defense,S,Always Small Vendor,PDuns,0,1,1,29323,29665,280337,25024780509
2013,Defense,S,Always Small Vendor,PDuns,1,0,0,14,14,16,22880.22
2013,Defense,S,Always Small Vendor,PDuns,1,0,1,47,47,74,334268.46
2013,Defense,S,Always Small Vendor,PDuns,1,1,1,212,213,4166,228470889.6
2013,Defense,S,Always Small Vendor,PID,NULL,1,1,5,5,0,0
2013,Defense,S,Always Small Vendor,PID,0,0,0,2,2,3,-3053
2013,Defense,S,Always Small Vendor,PID,0,0,1,8,8,10,-1700.93
2013,Defense,S,Always Small Vendor,PID,0,1,1,153,153,4445,1471094104
2013,Defense,S,Always Small Vendor,PID,1,1,1,2,2,191,171750.82
2013,Defense,U,Unlabeled Vendor,Duns,1,1,1,1,1,2,1664347.04
2014,Defense,NULL,NULL,PID,NULL,NULL,NULL,14,14,672,356635611.5
2014,Defense,B,Big Five,PDuns,0,1,1,10,63,1321,110673007.4
2014,Defense,B,Big Five,PID,0,1,1,5,5,66557,76189686921
2014,Defense,J,Large: Big 5 JV,PDuns,0,1,1,1,3,19,-241337.09
2014,Defense,J,Large: Big 5 JV,PID,0,1,1,8,8,3378,5271184825
2014,Defense,L,Large Vendor,Duns,1,1,1,1,1,4861,257649885.1
2014,Defense,L,Large Vendor,PDuns,NULL,1,1,1,1,1,13849
2014,Defense,L,Large Vendor,PDuns,0,0,1,1,2,17,1681271.54
2014,Defense,L,Large Vendor,PDuns,0,1,1,93,450,7689,1334610956
2014,Defense,L,Large Vendor,PDuns,1,1,1,6,18,501,21612567.74
2014,Defense,L,Large Vendor,PID,NULL,1,1,1,1,0,0
2014,Defense,L,Large Vendor,PID,0,1,1,223,223,10976477,86682025125
2014,Defense,L,Large Vendor,PID,1,1,1,22,22,15632,3066003357
2014,Defense,M,Medium Vendor,PDuns,NULL,0,0,62,62,1,1
2014,Defense,M,Medium Vendor,PDuns,NULL,0,1,9,9,1,4539.52
2014,Defense,M,Medium Vendor,PDuns,NULL,1,1,281,282,287,94427353.77
2014,Defense,M,Medium Vendor,PDuns,0,0,0,281,287,696,1093354.56
2014,Defense,M,Medium Vendor,PDuns,0,0,1,961,970,1862,82145200.95
2014,Defense,M,Medium Vendor,PDuns,0,1,1,4511,5291,805848,10436858289
2014,Defense,M,Medium Vendor,PDuns,1,0,0,248,246,498,-344897.7
2014,Defense,M,Medium Vendor,PDuns,1,0,1,547,552,1327,1729173.34
2014,Defense,M,Medium Vendor,PDuns,1,1,1,3782,4022,68219,4225526786
2014,Defense,M,Medium Vendor,PID,NULL,0,0,1,1,0,0
2014,Defense,M,Medium Vendor,PID,NULL,1,1,2,2,0,0
2014,Defense,M,Medium Vendor,PID,0,0,0,2,2,2,-23251.6
2014,Defense,M,Medium Vendor,PID,0,0,1,11,11,20,18801.6
2014,Defense,M,Medium Vendor,PID,0,1,1,358,358,23234,12397296082
2014,Defense,M,Medium Vendor,PID,1,0,1,1,1,1,0
2014,Defense,M,Medium Vendor,PID,1,1,1,41,41,31125,3075002195
2014,Defense,N,Sometimes Small Vendor,Duns,0,1,1,3,3,28019,594474816.2
2014,Defense,N,Sometimes Small Vendor,PDuns,NULL,1,1,17,19,0,0
2014,Defense,N,Sometimes Small Vendor,PDuns,0,0,0,38,38,113,15923.51
2014,Defense,N,Sometimes Small Vendor,PDuns,0,0,1,518,545,1990,7250479.9
2014,Defense,N,Sometimes Small Vendor,PDuns,0,1,1,8501,11468,365380,25349048639
2014,Defense,N,Sometimes Small Vendor,PDuns,1,0,1,8,8,51,271187.35
2014,Defense,N,Sometimes Small Vendor,PDuns,1,1,1,88,92,2212,228403720
2014,Defense,N,Sometimes Small Vendor,PID,0,0,1,4,4,14,53995.29
2014,Defense,N,Sometimes Small Vendor,PID,0,1,1,598,598,98568,21185727566
2014,Defense,N,Sometimes Small Vendor,PID,1,1,1,4,4,3164,197491673.6
2014,Defense,S,Always Small Vendor,PDuns,NULL,0,0,212,212,0,0
2014,Defense,S,Always Small Vendor,PDuns,NULL,0,1,21,21,0,0
2014,Defense,S,Always Small Vendor,PDuns,NULL,1,1,1411,1416,39,14416497.79
2014,Defense,S,Always Small Vendor,PDuns,0,0,0,1785,1786,3230,-4158817.89
2014,Defense,S,Always Small Vendor,PDuns,0,0,1,6677,6699,13574,61779116.61
2014,Defense,S,Always Small Vendor,PDuns,0,1,1,29525,29903,315145,29217677857
2014,Defense,S,Always Small Vendor,PDuns,1,0,0,7,7,8,157820.79
2014,Defense,S,Always Small Vendor,PDuns,1,0,1,37,37,41,167147.95
2014,Defense,S,Always Small Vendor,PDuns,1,1,1,185,185,3637,276728765.8
2014,Defense,S,Always Small Vendor,PID,NULL,1,1,4,4,0,0
2014,Defense,S,Always Small Vendor,PID,0,0,1,5,5,6,32391.39
2014,Defense,S,Always Small Vendor,PID,0,1,1,146,146,4351,2124027243
2014,Defense,U,Unlabeled Vendor,Duns,0,1,1,1,1,73,39008333.12
2014,Defense,U,Unlabeled Vendor,Duns,1,1,1,1,1,6,822256.53
2014,Defense,U,Unlabeled Vendor,Name,0,1,1,1,1,NULL,0
2015,Defense,NULL,NULL,PID,NULL,NULL,NULL,15,15,935,323974421.9
2015,Defense,B,Big Five,PDuns,0,1,1,6,36,1183,27024196.79
2015,Defense,B,Big Five,PID,0,1,1,5,5,87703,76459906675
2015,Defense,J,Large: Big 5 JV,PDuns,0,1,1,2,7,112,62318944.87
2015,Defense,J,Large: Big 5 JV,PID,0,1,1,8,8,3010,4766616475
2015,Defense,L,Large Vendor,Duns,1,1,1,1,1,3169,199703156.1
2015,Defense,L,Large Vendor,PDuns,NULL,1,1,1,1,3,2700000
2015,Defense,L,Large Vendor,PDuns,0,0,1,2,4,75,1272135.38
2015,Defense,L,Large Vendor,PDuns,0,1,1,107,528,12642,1255577041
2015,Defense,L,Large Vendor,PDuns,1,1,1,4,12,119,15404310.94
2015,Defense,L,Large Vendor,PID,NULL,1,1,1,1,NULL,0
2015,Defense,L,Large Vendor,PID,0,1,1,215,215,10422995,80512344110
2015,Defense,L,Large Vendor,PID,1,1,1,19,19,6904,2647789609
2015,Defense,M,Medium Vendor,PDuns,NULL,0,0,68,68,2,-1
2015,Defense,M,Medium Vendor,PDuns,NULL,0,1,6,6,NULL,0
2015,Defense,M,Medium Vendor,PDuns,NULL,1,1,282,283,14,159124.28
2015,Defense,M,Medium Vendor,PDuns,0,0,0,250,255,961,-74777.66
2015,Defense,M,Medium Vendor,PDuns,0,0,1,893,907,2103,80270100.04
2015,Defense,M,Medium Vendor,PDuns,0,1,1,4439,5261,717209,10144675343
2015,Defense,M,Medium Vendor,PDuns,1,0,0,198,199,484,-717173.25
2015,Defense,M,Medium Vendor,PDuns,1,0,1,486,484,1491,5594503.8
2015,Defense,M,Medium Vendor,PDuns,1,1,1,3672,3969,136305,3794584838
2015,Defense,M,Medium Vendor,PID,NULL,1,1,1,1,0,0
2015,Defense,M,Medium Vendor,PID,0,0,0,3,3,5,7300
2015,Defense,M,Medium Vendor,PID,0,0,1,11,11,15,52059.49
2015,Defense,M,Medium Vendor,PID,0,1,1,335,335,25206,16191336650
2015,Defense,M,Medium Vendor,PID,1,0,0,1,1,2,3771.18
2015,Defense,M,Medium Vendor,PID,1,0,1,2,2,4,18134.15
2015,Defense,M,Medium Vendor,PID,1,1,1,40,40,42209,1477896349
2015,Defense,N,Sometimes Small Vendor,Duns,0,1,1,2,2,11648,448094110
2015,Defense,N,Sometimes Small Vendor,PDuns,NULL,0,0,2,2,0,0
2015,Defense,N,Sometimes Small Vendor,PDuns,NULL,1,1,20,21,0,0
2015,Defense,N,Sometimes Small Vendor,PDuns,0,0,0,44,45,248,63503.45
2015,Defense,N,Sometimes Small Vendor,PDuns,0,0,1,545,567,5063,9920166.12
2015,Defense,N,Sometimes Small Vendor,PDuns,0,1,1,8781,11651,699613,26273732926
2015,Defense,N,Sometimes Small Vendor,PDuns,1,0,0,5,5,105,77719.16
2015,Defense,N,Sometimes Small Vendor,PDuns,1,0,1,7,7,84,156972.51
2015,Defense,N,Sometimes Small Vendor,PDuns,1,1,1,87,90,2217,156809582.1
2015,Defense,N,Sometimes Small Vendor,PID,0,0,1,1,1,4,3094.36
2015,Defense,N,Sometimes Small Vendor,PID,0,1,1,549,549,147130,18019044978
2015,Defense,N,Sometimes Small Vendor,PID,1,1,1,1,1,2,0
2015,Defense,S,Always Small Vendor,PDuns,NULL,0,0,236,236,0,0
2015,Defense,S,Always Small Vendor,PDuns,NULL,0,1,18,18,0,0
2015,Defense,S,Always Small Vendor,PDuns,NULL,1,1,1268,1274,7,2019717.19
2015,Defense,S,Always Small Vendor,PDuns,0,0,0,1862,1866,6934,14672054.43
2015,Defense,S,Always Small Vendor,PDuns,0,0,1,6395,6410,35217,72510916.51
2015,Defense,S,Always Small Vendor,PDuns,0,1,1,28932,29260,451816,27688149828
2015,Defense,S,Always Small Vendor,PDuns,1,0,0,15,15,26,-70755.57
2015,Defense,S,Always Small Vendor,PDuns,1,0,1,37,37,55,290394.26
2015,Defense,S,Always Small Vendor,PDuns,1,1,1,185,185,481,60376649.36
2015,Defense,S,Always Small Vendor,PID,NULL,0,0,1,1,NULL,0
2015,Defense,S,Always Small Vendor,PID,NULL,1,1,1,1,0,0
2015,Defense,S,Always Small Vendor,PID,0,0,0,2,2,2,-2201
2015,Defense,S,Always Small Vendor,PID,0,0,1,7,7,14,49176.04
2015,Defense,S,Always Small Vendor,PID,0,1,1,133,133,6770,1435949344
2015,Defense,S,Always Small Vendor,PID,1,1,1,1,1,2447,40530753.59
2015,Defense,U,Unlabeled Vendor,Duns,0,1,1,2,2,14325,75027724.83
2015,Defense,U,Unlabeled Vendor,Duns,1,0,0,3,1,7,2047.5
2015,Defense,U,Unlabeled Vendor,Duns,1,0,1,2,1,3,17433
2015,Defense,U,Unlabeled Vendor,Duns,1,1,1,24,1,71,20041861.69
2015,Defense,U,Unlabeled Vendor,Name,1,0,0,1,1,2,5689.33
2016,Defense,NULL,NULL,PID,NULL,NULL,NULL,14,14,1360,277991545.5
2016,Defense,B,Big Five,PDuns,0,1,1,5,27,1029,162506953
2016,Defense,B,Big Five,PID,0,1,1,6,6,202070,97002751910
2016,Defense,J,Large: Big 5 JV,PDuns,0,1,1,1,4,105,45957209.35
2016,Defense,J,Large: Big 5 JV,PID,0,1,1,8,8,4405,4670619363
2016,Defense,L,Large Vendor,Duns,1,1,1,1,1,3544,147550265.5
2016,Defense,L,Large Vendor,PDuns,0,1,1,105,490,15312,1977360598
2016,Defense,L,Large Vendor,PDuns,1,1,1,6,6,739,13692728.78
2016,Defense,L,Large Vendor,PID,0,0,1,1,1,1,3758.3999
2016,Defense,L,Large Vendor,PID,0,1,1,211,211,10161778,79272299014
2016,Defense,L,Large Vendor,PID,1,1,1,17,17,8250,1500591574
2016,Defense,M,Medium Vendor,PDuns,NULL,0,0,76,76,5,23197422.5
2016,Defense,M,Medium Vendor,PDuns,NULL,0,1,7,7,1,9118.9502
2016,Defense,M,Medium Vendor,PDuns,NULL,1,1,265,265,11,1315361.351
2016,Defense,M,Medium Vendor,PDuns,0,0,0,238,279,7994,177400159.2
2016,Defense,M,Medium Vendor,PDuns,0,0,1,727,736,10081,12329009.43
2016,Defense,M,Medium Vendor,PDuns,0,1,1,4439,5291,980744,10289022838
2016,Defense,M,Medium Vendor,PDuns,1,0,0,193,194,655,-1395479.492
2016,Defense,M,Medium Vendor,PDuns,1,0,1,382,383,3674,1688537.18
2016,Defense,M,Medium Vendor,PDuns,1,1,1,3691,3787,143493,4313887879
2016,Defense,M,Medium Vendor,PID,NULL,0,0,4,4,0,0
2016,Defense,M,Medium Vendor,PID,NULL,1,1,2,2,0,0
2016,Defense,M,Medium Vendor,PID,0,0,0,2,2,2,-35385.4292
2016,Defense,M,Medium Vendor,PID,0,0,1,5,5,10,6252.41
2016,Defense,M,Medium Vendor,PID,0,1,1,325,325,32725,13934718812
2016,Defense,M,Medium Vendor,PID,1,0,1,1,1,2,10187.7598
2016,Defense,M,Medium Vendor,PID,1,1,1,34,34,39066,1389820619
2016,Defense,N,Sometimes Small Vendor,Duns,0,1,1,4,3,17405,724430503.4
2016,Defense,N,Sometimes Small Vendor,PDuns,NULL,0,0,1,1,0,0
2016,Defense,N,Sometimes Small Vendor,PDuns,NULL,1,1,21,21,2,72828.3906
2016,Defense,N,Sometimes Small Vendor,PDuns,0,0,0,55,56,1277,597182.6994
2016,Defense,N,Sometimes Small Vendor,PDuns,0,0,1,437,458,4084,6432437.363
2016,Defense,N,Sometimes Small Vendor,PDuns,0,1,1,8597,11602,1286741,29474372579
2016,Defense,N,Sometimes Small Vendor,PDuns,1,0,0,9,9,206,69374.8998
2016,Defense,N,Sometimes Small Vendor,PDuns,1,0,1,6,6,92,166565.1906
2016,Defense,N,Sometimes Small Vendor,PDuns,1,1,1,135,141,4236,322203702.9
2016,Defense,N,Sometimes Small Vendor,PID,0,0,1,3,3,13,-7486.4804
2016,Defense,N,Sometimes Small Vendor,PID,0,1,1,523,523,207047,19276968503
2016,Defense,N,Sometimes Small Vendor,PID,1,1,1,2,2,42,745310.6114
2016,Defense,S,Always Small Vendor,PDuns,NULL,0,0,159,159,0,0
2016,Defense,S,Always Small Vendor,PDuns,NULL,0,1,20,20,0,0
2016,Defense,S,Always Small Vendor,PDuns,NULL,1,1,1324,1328,20,1142661.932
2016,Defense,S,Always Small Vendor,PDuns,0,0,0,1823,1825,16309,-2669092.505
2016,Defense,S,Always Small Vendor,PDuns,0,0,1,5681,5694,51732,70788939.65
2016,Defense,S,Always Small Vendor,PDuns,0,1,1,28422,28780,538773,28953822441
2016,Defense,S,Always Small Vendor,PDuns,1,0,0,15,15,32,-30890.4099
2016,Defense,S,Always Small Vendor,PDuns,1,0,1,33,33,50,212424.0293
2016,Defense,S,Always Small Vendor,PDuns,1,1,1,183,183,358,61628344.25
2016,Defense,S,Always Small Vendor,PID,NULL,0,0,1,1,0,0
2016,Defense,S,Always Small Vendor,PID,NULL,1,1,3,3,0,0
2016,Defense,S,Always Small Vendor,PID,0,0,0,1,1,2,0
2016,Defense,S,Always Small Vendor,PID,0,0,1,7,7,25,96828.6102
2016,Defense,S,Always Small Vendor,PID,0,1,1,128,128,3536,1568185764
2016,Defense,U,Unlabeled Vendor,Duns,1,1,1,16,1,37,335772.0137
2016,Defense,U,Unlabeled Vendor,Name,1,1,1,1,1,2,41146.67
