SubawardReportYear,Customer,SubCustomer,CanadaSector,SubawardAmount,NumberOfContracts
2016,Defense,Navy,Space,18852118.9849,3
2013,Other Agencies,VA,Other R&D and Knowledge Based,19147252.0411,44
2015,GSA,GSA,Other R&D and Knowledge Based,1758499457.7592,54
2013,Defense,MDA,Other R&D and Knowledge Based,1336002.3125,2
2011,GSA,GSA,"Other Facilities, Construction, Manufacturing and Testing",94216874.5146,32
2011,Defense,Navy,Other Services,2569119.9297,6
2016,NASA,NASA,Air,124000.0000,1
2013,HHS,HHS,"Other Facilities, Construction, Manufacturing and Testing",707517210.6805,80
2011,Defense,Other DoD,Other Products,243400.0000,4
2015,Defense,Other DoD,Air,60130179.9069,83
2011,DHS,CBP,"Other Facilities, Construction, Manufacturing and Testing",1509276.2910,4
2011,Defense,Navy,Air,222221539.5468,38
2010,Other Agencies,All other Customers,C4ISR,106335.3984,3
2016,State and IAP,USAID,C4ISR,6636597.9494,12
2012,DHS,COAST GUARD,Sea,24920000.0000,1
2010,DHS,OPO,Other R&D and Knowledge Based,977889.0000,1
2013,GSA,GSA,Other R&D and Knowledge Based,1252250103.2664,57
2015,Defense,MilitaryHealth,Other Products,34319.4609,1
2011,Other Agencies,INTERNATIONAL TRADE COMMISSION,NULL,81512.7500,1
2016,Defense,MilitaryHealth,Other R&D and Knowledge Based,4128327.9175,5
2011,NASA,NASA,"Other Facilities, Construction, Manufacturing and Testing",256587986.7500,4
2012,GSA,GSA,C4ISR,279614159.3309,58
2010,State and IAP,State,C4ISR,95255.0000,1
2011,Defense,Army,C4ISR,553881915.7580,271
2012,Other Agencies,All other Customers,C4ISR,78012931.3624,38
2015,Defense,MDA,Other R&D and Knowledge Based,44874066.3594,5
2011,Defense,DLA,C4ISR,18811924.2463,98
2011,Other Agencies,Agriculture,Other Products,56000.0000,1
2011,Defense,Air Force,Other R&D and Knowledge Based,226311411.6791,110
2011,Other Agencies,VA,Other R&D and Knowledge Based,32910032.2188,23
2015,Defense,Other DoD,Land,28082364.4176,10
2011,NASA,NASA,Other Services,350600.0000,1
2016,Other Agencies,All other Customers,"Other Facilities, Construction, Manufacturing and Testing",475085.2188,3
2015,Other Agencies,BROADCASTING BOARD OF GOVERNORS,Other R&D and Knowledge Based,868052.0000,1
2011,Other Agencies,Interior,Other R&D and Knowledge Based,6795234.1094,10
2016,Other Agencies,Education,Other Services,33723.1992,1
2013,DHS,CBP,C4ISR,17001608.1411,6
2016,Defense,Other DoD,"Weapons, Ammunition and Missiles",263979891.4498,6
2015,Other Agencies,Treasury,NULL,8753788.0000,2
2011,Other Agencies,NUCLEAR REGULATORY COMMISSION,C4ISR,27585838.7968,5
2011,Other Agencies,NATIONAL GALLERY OF ART,Other R&D and Knowledge Based,46752641.4493,2
2014,Defense,DLA,"Weapons, Ammunition and Missiles",488323.5625,9
2013,DHS,FEMA,"Other Facilities, Construction, Manufacturing and Testing",5173868.0000,4
2015,HHS,HHS,"Other Facilities, Construction, Manufacturing and Testing",1357189376.9258,80
2015,DHS,CBP,C4ISR,20370655.5360,28
2012,DHS,TSA,C4ISR,62781.0000,1
2011,DHS,TSA,Other R&D and Knowledge Based,775489.1563,2
2011,GSA,GSA,NULL,394000000.0000,1
2012,NASA,NASA,Space,100203091.5000,29
2013,DHS,ICE,C4ISR,2224048.0000,1
2016,Other Agencies,Justice,C4ISR,91462034.9730,14
2016,Energy,Energy,Other Services,1029050.0000,1
2015,Other Agencies,Commerce,NULL,2726739.0004,6
2011,Defense,Air Force,"Other Facilities, Construction, Manufacturing and Testing",363800343.3223,336
2010,Defense,Other DoD,Other Services,119580.0000,1
2015,DHS,ICE,C4ISR,14292218.6417,18
2015,DHS,Other DHS,Other R&D and Knowledge Based,34958407.2186,1
2013,Defense,Navy,"Weapons, Ammunition and Missiles",603975645.2865,50
2012,Other Agencies,Justice,"Other Facilities, Construction, Manufacturing and Testing",5471305.5957,6
2013,Other Agencies,Interior,Sea,349584.0000,1
2015,DHS,COAST GUARD,NULL,932016.4922,3
2010,Defense,Air Force,C4ISR,29820197.2774,18
2014,Other Agencies,NATIONAL SCIENCE FOUNDATION,"Other Facilities, Construction, Manufacturing and Testing",543253.0196,1
2012,Defense,DLA,Other R&D and Knowledge Based,3577900.0957,8
2014,Other Agencies,Comptroller,C4ISR,4359574.0000,1
2011,GSA,GSA,Other Services,9718340.9220,3
2016,Defense,Air Force,NULL,2080642987.3533,338
2009,DHS,TSA,Other Services,240000.0000,1
2014,Other Agencies,Justice,Land,448600.0000,2
2016,Defense,Army,"Other Facilities, Construction, Manufacturing and Testing",6251723568.1466,314
2010,HHS,HHS,C4ISR,4831307.6016,6
2015,DHS,COAST GUARD,Other R&D and Knowledge Based,192982.0000,2
2015,Other Agencies,HUD,C4ISR,20894264.6646,5
2013,Other Agencies,COMMODITY FUTURES TRADING COMMISSION,C4ISR,43185339.0000,2
2012,Other Agencies,Labor,"Other Facilities, Construction, Manufacturing and Testing",29208157.7030,12
2011,Other Agencies,EPA,C4ISR,57843404.8067,20
2013,Other Agencies,Exec Office,C4ISR,1358521.0938,4
2010,DHS,COAST GUARD,Other R&D and Knowledge Based,1160966.4687,1
2015,Other Agencies,SMALL BUSINESS ADMINISTRATION,C4ISR,18745772.0000,2
2011,Other Agencies,Agriculture,C4ISR,42059816.7345,19
2012,Other Agencies,OFFICE OF PERSONNEL MANAGEMENT,Other R&D and Knowledge Based,291478.0000,1
2013,DHS,ICE,Land,30600.0000,1
2010,Other Agencies,Commerce,Other R&D and Knowledge Based,1021482.9971,9
2016,NASA,NASA,Other Services,6462151.1292,14
2012,Other Agencies,Commerce,Other R&D and Knowledge Based,5124583.0655,23
2015,Other Agencies,SECURITIES AND EXCHANGE COMMISSION,Other R&D and Knowledge Based,86576.7969,1
2013,Other Agencies,Interior,"Other Facilities, Construction, Manufacturing and Testing",58939158.5430,17
2012,Defense,Army,Other R&D and Knowledge Based,2222707960.1153,362
2015,State and IAP,State,Other R&D and Knowledge Based,21967475.3095,15
2011,DHS,TSA,Other Services,200888.2969,1
2012,Defense,Navy,Other Products,30639600.0157,11
2016,Other Agencies,HUD,Other R&D and Knowledge Based,5015683.0000,3
2015,DHS,OPO,"Other Facilities, Construction, Manufacturing and Testing",2436515.7657,9
2016,Other Agencies,Treasury,C4ISR,5307868.3206,8
2011,Other Agencies,Transportation,Air,38352192.6057,1
2016,Other Agencies,Labor,Other R&D and Knowledge Based,4105859.7266,5
2015,Other Agencies,Interior,C4ISR,4002235.6329,18
2010,Other Agencies,SECURITIES AND EXCHANGE COMMISSION,C4ISR,40438.0000,1
2011,Other Agencies,Interior,"Other Facilities, Construction, Manufacturing and Testing",13510609.1875,12
2013,Defense,Navy,NULL,72239696.9610,9
2013,Other Agencies,SECURITIES AND EXCHANGE COMMISSION,Other R&D and Knowledge Based,422872.0000,2
2012,Other Agencies,EPA,Other R&D and Knowledge Based,22034653.3829,42
2015,State and IAP,USAID,Other R&D and Knowledge Based,1768278801.9796,103
2013,GSA,GSA,Other Services,23413634.9164,21
2011,Other Agencies,VA,Other Services,315226.5371,4
2011,Other Agencies,Commerce,C4ISR,7935248.7735,17
2011,Other Agencies,All other Customers,Other R&D and Knowledge Based,120246.0000,2
2013,State and IAP,State,Other R&D and Knowledge Based,3390439.6328,12
2013,DHS,Other DHS,"Other Facilities, Construction, Manufacturing and Testing",7576455.2695,17
2013,Defense,MDA,C4ISR,22061159.9885,9
2013,DHS,FEMA,Other Services,354589.7656,1
2013,DHS,OPO,C4ISR,155403187.6447,12
2012,Defense,Navy,Air,936592529.4156,87
2010,NASA,NASA,"Other Facilities, Construction, Manufacturing and Testing",17779070.0000,1
2011,Other Agencies,COMMODITY FUTURES TRADING COMMISSION,C4ISR,183347.3242,3
2011,NASA,NASA,"Weapons, Ammunition and Missiles",8634823.0000,1
2013,State and IAP,USAID,NULL,1572071.2500,2
2015,Other Agencies,VA,Other Products,17299062.0898,35
2011,Other Agencies,NATIONAL SCIENCE FOUNDATION,C4ISR,1025061.6836,6
2013,DHS,COAST GUARD,Other Products,42171.0000,1
2016,Defense,MDA,Space,230832.0000,1
2015,Defense,Air Force,"Other Facilities, Construction, Manufacturing and Testing",443311771.5760,369
2012,State and IAP,USAID,NULL,6532242.0000,2
2015,Defense,Army,C4ISR,6226970983.8892,342
2016,Defense,Navy,NULL,5735649146.3817,549
2012,Defense,Air Force,C4ISR,405731140.6074,425
2012,Other Agencies,Interior,Air,755441.0000,1
2015,Other Agencies,All other Customers,"Other Facilities, Construction, Manufacturing and Testing",2353469.0000,12
2016,Defense,Other DoD,C4ISR,1044760108.0426,89
2016,DHS,TSA,Other R&D and Knowledge Based,386515.1875,1
2011,Defense,DLA,Other R&D and Knowledge Based,3212250.8751,3
2016,HHS,HHS,Other Products,134090.0000,1
2016,Other Agencies,Transportation,C4ISR,191902.0000,1
2010,Defense,Navy,"Other Facilities, Construction, Manufacturing and Testing",70654596.7485,50
2011,State and IAP,USAID,Other R&D and Knowledge Based,17394837.4180,12
2012,Other Agencies,Treasury,Other Products,25800.0000,1
2015,Other Agencies,EPA,Other R&D and Knowledge Based,20367280.4787,35
2011,Defense,Navy,"Other Facilities, Construction, Manufacturing and Testing",3293754464.8696,450
2012,Defense,Navy,"Weapons, Ammunition and Missiles",601133800.0653,35
2014,DHS,FEMA,Other Services,190121.8809,1
2013,Other Agencies,Transportation,"Other Facilities, Construction, Manufacturing and Testing",95111157.1784,28
2013,Other Agencies,NATIONAL TRANSPORTATION SAFETY BOARD,C4ISR,23030.0000,1
2006,GSA,GSA,C4ISR,850000.0000,1
2016,Defense,Navy,Other Products,437542.8750,6
2016,State and IAP,State,C4ISR,33358622.5781,9
2011,Defense,Army,Other R&D and Knowledge Based,338792022.0947,235
2012,NASA,NASA,Air,842944.0000,1
2007,Defense,Navy,C4ISR,39852309.8750,11
2014,Energy,Energy,Other R&D and Knowledge Based,7230336.7970,6
2011,Defense,Air Force,Other Services,36883661.3341,6
2015,HHS,HHS,NULL,8126957.8493,12
2012,Other Agencies,SMALL BUSINESS ADMINISTRATION,C4ISR,41338.0000,1
2015,Other Agencies,All other Customers,C4ISR,262504267.8641,54
2011,DHS,COAST GUARD,Other R&D and Knowledge Based,2024596.6679,4
2016,HHS,HHS,NULL,142406602.4690,42
2014,Other Agencies,Agriculture,"Other Facilities, Construction, Manufacturing and Testing",3386600.0937,9
2014,Other Agencies,Labor,NULL,1000000.0000,1
2013,Energy,Energy,Other R&D and Knowledge Based,11429483.4375,11
2012,Other Agencies,Transportation,"Other Facilities, Construction, Manufacturing and Testing",55867880.3213,60
2015,NASA,NASA,NULL,1972759.1172,5
2008,Defense,Army,Other R&D and Knowledge Based,21646700.0000,2
2015,Defense,Navy,Land,115569232.9207,4
2007,DHS,FEMA,Other R&D and Knowledge Based,3257647.0000,1
2016,NASA,NASA,NULL,259297466.4612,34
2014,Other Agencies,Transportation,"Other Facilities, Construction, Manufacturing and Testing",75747646.2171,27
2013,Other Agencies,SMALL BUSINESS ADMINISTRATION,Other Services,44482.3203,1
2012,Defense,Navy,"Other Facilities, Construction, Manufacturing and Testing",3507301941.8610,709
2016,Defense,Army,Other Services,129692242.3718,9
2012,DHS,OPO,C4ISR,28621801.1250,4
2015,DHS,TSA,NULL,4241151.0000,1
2015,Other Agencies,Education,Other R&D and Knowledge Based,52819617.8865,38
2014,Defense,MDA,C4ISR,58366108.3170,13
2011,Other Agencies,Justice,Other Services,3120308.0000,1
2011,State and IAP,State,Other R&D and Knowledge Based,310560.1563,1
2016,Defense,MDA,"Weapons, Ammunition and Missiles",1183857264.3189,15
2008,DHS,FEMA,Other R&D and Knowledge Based,2533518.2500,1
2016,Other Agencies,NULL,NULL,3567160.9062,3
2016,Energy,Energy,Other R&D and Knowledge Based,23094588.5411,8
2014,Defense,Army,C4ISR,6636894226.4540,387
2014,Defense,Air Force,"Other Facilities, Construction, Manufacturing and Testing",302951845.1093,414
2010,Defense,Army,Other R&D and Knowledge Based,26622599.3927,23
2010,Other Agencies,VA,"Other Facilities, Construction, Manufacturing and Testing",3023157.0000,3
2013,Defense,Navy,Air,1398067003.3614,146
2013,DHS,CBP,Other R&D and Knowledge Based,827452.9306,2
2014,State and IAP,State,C4ISR,131866994.1598,73
2014,Defense,Air Force,Other Services,63854247.8750,16
2011,Defense,Air Force,C4ISR,233309463.0113,351
2012,NASA,NASA,"Weapons, Ammunition and Missiles",50023.0000,1
2014,Other Agencies,Interior,NULL,280175.2500,3
2016,Defense,Air Force,"Weapons, Ammunition and Missiles",195230469.0192,30
2016,Other Agencies,Education,Other R&D and Knowledge Based,34627591.4413,32
2015,DHS,Other DHS,"Other Facilities, Construction, Manufacturing and Testing",7597182.0000,8
2011,DHS,OPO,C4ISR,19156675.9433,12
2014,DHS,Other DHS,"Other Facilities, Construction, Manufacturing and Testing",1408954.9492,8
2011,DHS,CBP,Land,48744.0000,1
2016,Other Agencies,EPA,Other R&D and Knowledge Based,20663729.5729,22
2015,State and IAP,State,C4ISR,56525554.6212,54
2015,Other Agencies,Interior,Other R&D and Knowledge Based,18005288.3118,28
2011,DHS,Other DHS,"Other Facilities, Construction, Manufacturing and Testing",2097855.2773,31
2013,Other Agencies,NUCLEAR REGULATORY COMMISSION,Other R&D and Knowledge Based,160805.2226,1
2014,Defense,Navy,Air,4711808095.9576,173
2014,HHS,HHS,NULL,56767024.7453,13
2012,DHS,COAST GUARD,Other R&D and Knowledge Based,800804.7969,2
2014,HHS,HHS,Other Products,733566.0000,1
2015,Other Agencies,Agriculture,C4ISR,66645935.1454,34
2013,Other Agencies,Education,NULL,1520516.7500,2
2015,Other Agencies,Treasury,Other R&D and Knowledge Based,27276623.1759,20
2014,Other Agencies,Comptroller,Other R&D and Knowledge Based,531250.0000,2
2015,HHS,HHS,Other Products,131575.0273,2
2012,DHS,ICE,Other Services,301894.3125,1
2011,DHS,TSA,"Other Facilities, Construction, Manufacturing and Testing",1490262.3594,1
2013,NASA,NASA,Air,375013.0000,1
2012,DHS,ICE,"Other Facilities, Construction, Manufacturing and Testing",222246.0200,3
2012,Defense,Navy,Space,3050435.2191,5
2013,Other Agencies,Labor,NULL,2162430.0000,2
2011,Other Agencies,HUD,C4ISR,20004162.9355,4
2014,Other Agencies,Transportation,C4ISR,1389634567.1078,45
2012,Other Agencies,Agriculture,"Other Facilities, Construction, Manufacturing and Testing",511883.0390,5
2011,Other Agencies,Commerce,Other R&D and Knowledge Based,2818138.3146,10
2014,Defense,MilitaryHealth,Other Products,13297786.0000,1
2012,State and IAP,State,Other R&D and Knowledge Based,1697166.4336,8
2013,Defense,Army,"Weapons, Ammunition and Missiles",394904648.6368,41
2014,HHS,HHS,"Other Facilities, Construction, Manufacturing and Testing",1790575571.9358,67
2014,Other Agencies,Interior,Sea,464444.8125,2
2016,DHS,COAST GUARD,NULL,179108810.6444,20
2016,Defense,Army,Air,674204580.5099,90
2014,Other Agencies,Exec Office,C4ISR,14075024.5938,6
2015,NASA,NASA,Air,15361500.9844,2
2012,Other Agencies,NATIONAL ENDOWMENT FOR THE ARTS,Other R&D and Knowledge Based,35137.7305,1
2016,Defense,DLA,Air,69128897.9718,53
2013,GSA,GSA,C4ISR,393400344.0175,109
2010,Defense,Navy,Other Services,290294.0000,2
2012,Defense,Air Force,Other R&D and Knowledge Based,600300192.5963,236
2010,GSA,GSA,"Other Facilities, Construction, Manufacturing and Testing",8266753.6992,2
2015,Defense,Air Force,Other Services,58090884.7580,26
2016,Other Agencies,SMALL BUSINESS ADMINISTRATION,C4ISR,328208.8438,1
2012,Defense,DLA,C4ISR,48001819.8081,177
2016,Other Agencies,HUD,C4ISR,208380.7968,2
2013,Other Agencies,Labor,"Other Facilities, Construction, Manufacturing and Testing",9255460.3905,9
2011,Other Agencies,All other Customers,C4ISR,4139972.7540,15
2011,DHS,COAST GUARD,Sea,34649.8008,1
2010,Other Agencies,Interior,"Other Facilities, Construction, Manufacturing and Testing",625000.0000,1
2015,Other Agencies,Labor,Other R&D and Knowledge Based,6333920.9454,13
2015,Other Agencies,HUD,Other R&D and Knowledge Based,2257288.6602,5
2012,Other Agencies,VA,Other R&D and Knowledge Based,36028023.8283,40
2016,Other Agencies,EPA,"Other Facilities, Construction, Manufacturing and Testing",47927348.9564,50
2014,DHS,FEMA,"Other Facilities, Construction, Manufacturing and Testing",25000.0000,1
2014,Other Agencies,EQUAL EMPLOYMENT OPPORTUNITY COMMISSION,C4ISR,79833.6328,1
2016,Other Agencies,VA,C4ISR,23128212.8909,19
2012,DHS,TSA,"Other Facilities, Construction, Manufacturing and Testing",32297048.7657,2
2016,Other Agencies,Treasury,Other R&D and Knowledge Based,7203205.2580,6
2012,DHS,COAST GUARD,Air,1041630.3750,1
2012,Defense,Air Force,"Other Facilities, Construction, Manufacturing and Testing",1795358470.8463,427
2011,GSA,GSA,Other Products,85520.0000,1
2013,Defense,Navy,Other Products,6099029.3518,15
2014,Other Agencies,Archives,C4ISR,56751842.0352,5
2011,Defense,Navy,Land,31073634.8755,12
2016,Other Agencies,Justice,Other R&D and Knowledge Based,8450299.2188,9
2012,DHS,TSA,Other Services,156869.1700,1
2012,Other Agencies,VA,"Other Facilities, Construction, Manufacturing and Testing",213291351.4328,78
2016,DHS,CBP,C4ISR,6729182.7188,2
2015,Other Agencies,CORPORATION FOR NATIONAL AND COMMUNITY SERVICE,Other R&D and Knowledge Based,43000.0000,1
2012,Defense,Other DoD,Space,231207.0000,1
2012,Defense,Other DoD,Other Products,500547.2224,8
2014,DHS,OPO,"Other Facilities, Construction, Manufacturing and Testing",30000.0000,1
2011,Defense,Army,Other Services,16366828.5274,6
2012,Other Agencies,NUCLEAR REGULATORY COMMISSION,C4ISR,89217.2500,1
2015,Defense,DLA,Other R&D and Knowledge Based,888116689.5084,41
2013,HHS,HHS,Other Products,1882737.9741,4
2014,DHS,ICE,C4ISR,1601916.0000,2
2011,Other Agencies,SECURITIES AND EXCHANGE COMMISSION,C4ISR,9416453.4689,10
2015,Defense,Navy,Other Services,28868825.8536,36
2015,Other Agencies,SECURITIES AND EXCHANGE COMMISSION,C4ISR,2242481.7500,3
2010,HHS,HHS,Other R&D and Knowledge Based,18047943.0000,13
2013,HHS,HHS,Other Services,38794777.0352,13
2014,DHS,TSA,C4ISR,320644216.2772,10
2016,State and IAP,State,Other R&D and Knowledge Based,506515.0000,2
2016,NULL,NULL,C4ISR,24799783.6406,7
2013,DHS,FEMA,NULL,1041525.2500,1
2014,Other Agencies,Commerce,C4ISR,30215236.0168,41
2009,Defense,Army,C4ISR,54500000.0000,3
2013,Other Agencies,Justice,Other R&D and Knowledge Based,19318024.5353,10
2014,DHS,Other DHS,Other R&D and Knowledge Based,2486625.0000,1
2016,GSA,GSA,Other Services,17211750.9378,2
2013,Defense,DLA,Sea,10072735.5335,105
2015,DHS,FEMA,NULL,6986084.7032,3
2013,Defense,Air Force,Other R&D and Knowledge Based,425149096.7660,283
2014,Other Agencies,OFFICE OF PERSONNEL MANAGEMENT,C4ISR,18355592.7188,4
2014,Energy,Energy,C4ISR,26423591.2188,10
2010,State and IAP,State,Air,1681000.0000,1
2013,Other Agencies,BROADCASTING BOARD OF GOVERNORS,"Other Facilities, Construction, Manufacturing and Testing",163148.0000,1
2011,Defense,Other DoD,Air,1869031.7031,11
2016,Other Agencies,Transportation,NULL,131494548.2988,30
2012,Other Agencies,EPA,C4ISR,8405534.9551,14
2010,State and IAP,USAID,C4ISR,8369929.0000,3
2013,Other Agencies,SMALL BUSINESS ADMINISTRATION,Other R&D and Knowledge Based,2382582.7383,4
2011,Defense,Army,Sea,892779.4844,2
2012,Other Agencies,Commerce,C4ISR,71752342.8243,20
2015,Defense,Other DoD,Sea,1713938.5722,7
2015,HHS,HHS,Other Services,76598706.3751,19
2013,Other Agencies,NATIONAL SCIENCE FOUNDATION,Other R&D and Knowledge Based,3822370.6172,5
2015,NASA,NASA,"Other Facilities, Construction, Manufacturing and Testing",103446356.9923,17
2012,Other Agencies,VA,C4ISR,93891811.4030,100
2016,Other Agencies,Agriculture,Other R&D and Knowledge Based,2543156.0000,4
2011,Other Agencies,Justice,NULL,13271966.2500,1
2014,Other Agencies,Interior,Other Services,30000.0000,1
2014,DHS,ICE,Other R&D and Knowledge Based,8930.0000,1
2006,Defense,Navy,NULL,15800000.0000,1
2016,DHS,TSA,C4ISR,89088852.4363,9
2015,Other Agencies,CONSUMER PRODUCT SAFETY COMMISSION,C4ISR,201100.1406,2
2014,DHS,FEMA,Other Products,1644460.0391,3
2015,Other Agencies,NULL,"Other Facilities, Construction, Manufacturing and Testing",24213463.5215,8
2015,NASA,NASA,Other Services,19725722.6285,17
2016,Other Agencies,All other Customers,Other R&D and Knowledge Based,16744000.0000,1
2012,State and IAP,State,Sea,264800.0000,1
2014,Other Agencies,Interior,"Other Facilities, Construction, Manufacturing and Testing",23777662.1541,29
2012,DHS,COAST GUARD,C4ISR,3561839.6563,10
2015,Other Agencies,Archives,"Other Facilities, Construction, Manufacturing and Testing",2204862.0000,4
2011,Defense,Army,"Other Facilities, Construction, Manufacturing and Testing",4115632785.6206,798
2012,DHS,COAST GUARD,Other Services,2487188.0000,1
2016,NASA,NASA,Space,975245616.1680,37
2012,State and IAP,USAID,C4ISR,161993674.9707,34
2014,DHS,OPO,Other R&D and Knowledge Based,28267571.6816,52
2016,Defense,Army,Other Products,1074433.0880,8
2016,Defense,Other DoD,NULL,348065579.1390,139
2016,Other Agencies,Exec Office,C4ISR,292744.8086,2
2013,NASA,NASA,Other R&D and Knowledge Based,1019468583.7788,35
2012,Defense,Other DoD,"Weapons, Ammunition and Missiles",1199993.7345,2
2015,DHS,COAST GUARD,Other Products,151103.7032,2
2013,Defense,DLA,Other R&D and Knowledge Based,9936362.8008,22
2013,Other Agencies,NATIONAL SCIENCE FOUNDATION,"Other Facilities, Construction, Manufacturing and Testing",3465669.6993,1
2015,Other Agencies,RAILROAD RETIREMENT BOARD,C4ISR,30417.0000,1
2010,GSA,GSA,Other Services,4571075.6250,2
2012,Defense,Navy,Other Services,11334070.1163,17
2012,Other Agencies,Transportation,Air,26328828.0000,2
2005,Defense,Navy,Other R&D and Knowledge Based,32000000.0000,1
2016,DHS,COAST GUARD,Other R&D and Knowledge Based,82916.3984,1
2016,DHS,Other DHS,NULL,592952.1876,2
2016,Energy,Energy,C4ISR,666899.0000,1
2016,DHS,OPO,"Other Facilities, Construction, Manufacturing and Testing",-64250.0000,1
2012,Other Agencies,COMMODITY FUTURES TRADING COMMISSION,C4ISR,1387903.5706,2
2012,HHS,HHS,Other Services,2120499.0014,9
2011,DHS,OPO,Other R&D and Knowledge Based,15698854.6875,19
2014,State and IAP,USAID,NULL,65226.0000,1
2010,Defense,DLA,C4ISR,1455972.0000,5
2011,Other Agencies,VA,C4ISR,145480960.1146,154
2013,Defense,Navy,Land,19396823.5840,18
2010,Defense,Army,C4ISR,183429420.2893,50
2011,State and IAP,State,C4ISR,5818835.1018,36
2013,Other Agencies,SECURITIES AND EXCHANGE COMMISSION,C4ISR,156800.0000,2
2013,Other Agencies,Commerce,Other R&D and Knowledge Based,17188109.5492,37
2016,NULL,NULL,Other R&D and Knowledge Based,9244682.0000,10
2014,Defense,MDA,Other R&D and Knowledge Based,32999971.4141,2
2016,Defense,Army,Space,264869.5236,1
2016,Defense,Navy,Other R&D and Knowledge Based,316194324.5856,121
2016,Other Agencies,Agriculture,"Other Facilities, Construction, Manufacturing and Testing",37108.9883,1
2015,Defense,Air Force,Air,2167671615.7671,275
2016,Other Agencies,Commerce,NULL,18233116.4570,38
2011,Other Agencies,Justice,"Other Facilities, Construction, Manufacturing and Testing",488027.3535,5
2009,Other Agencies,Education,C4ISR,1000000.0000,1
2010,Other Agencies,Labor,C4ISR,8103688.0000,5
2015,Defense,DLA,"Weapons, Ammunition and Missiles",658667.5742,8
2014,Other Agencies,VA,Other R&D and Knowledge Based,69371381.2524,28
2015,DHS,ICE,Other R&D and Knowledge Based,408000.0000,1
2012,Other Agencies,Interior,Other R&D and Knowledge Based,20303413.4738,39
2013,Other Agencies,Commerce,Sea,791300.0000,2
2016,Other Agencies,Interior,C4ISR,2026539.5000,4
2014,Other Agencies,FEDERAL TRADE COMMISSION,Other Services,553550.0000,1
2015,Defense,MilitaryHealth,NULL,13404848.0000,1
2016,State and IAP,USAID,Other R&D and Knowledge Based,265162024.3829,71
2014,Other Agencies,NUCLEAR REGULATORY COMMISSION,C4ISR,2181828.7149,5
2015,Defense,Other DoD,"Other Facilities, Construction, Manufacturing and Testing",2839365.0000,4
2011,Other Agencies,Transportation,"Other Facilities, Construction, Manufacturing and Testing",33406704.4024,10
2016,Other Agencies,Comptroller,NULL,1622104.0000,3
2013,State and IAP,USAID,C4ISR,144169779.5137,25
2015,Other Agencies,Treasury,C4ISR,339964071.0554,44
2012,Other Agencies,NATIONAL SCIENCE FOUNDATION,C4ISR,19548708.0000,4
2008,DHS,OPO,C4ISR,318540.0000,1
2014,Other Agencies,Justice,Other Services,2229950.0000,1
2012,HHS,HHS,"Other Facilities, Construction, Manufacturing and Testing",31991260.7539,43
2011,Defense,Navy,Other Products,26970580.4689,18
2012,DHS,FEMA,Other R&D and Knowledge Based,66954396.5109,19
2008,Defense,Army,C4ISR,581226654.7891,13
2012,DHS,CBP,"Other Facilities, Construction, Manufacturing and Testing",2867498.1709,3
2015,Other Agencies,Labor,C4ISR,3600484.0920,13
2015,Other Agencies,All other Customers,Other R&D and Knowledge Based,2369468.5313,5
2016,Defense,Army,Land,246295954.6345,42
2012,Other Agencies,Justice,NULL,439915.3984,2
2013,Other Agencies,Commerce,C4ISR,8596631.8517,24
2015,Other Agencies,Transportation,NULL,60405068.0000,2
2014,HHS,HHS,Other Services,74788960.5628,10
2010,Defense,Other DoD,Air,125000.0000,1
2011,HHS,HHS,Other R&D and Knowledge Based,179077249.0830,94
2014,Other Agencies,Labor,"Other Facilities, Construction, Manufacturing and Testing",8973324.8924,18
2014,Defense,DLA,NULL,457786.6230,7
2014,Other Agencies,NULL,C4ISR,3196497.0000,1
2013,Other Agencies,OFFICE OF PERSONNEL MANAGEMENT,C4ISR,2001019.0000,3
2014,Other Agencies,SMALL BUSINESS ADMINISTRATION,Other R&D and Knowledge Based,1231208.0000,2
2012,Defense,Other DoD,Air,21774072.3009,20
2014,Other Agencies,HUD,Other Services,153448.6485,1
2014,NASA,NASA,Other Services,4564924.4297,7
2014,Other Agencies,Treasury,"Other Facilities, Construction, Manufacturing and Testing",100000.0000,1
2016,DHS,Other DHS,C4ISR,46734861.0198,3
2016,NASA,NASA,"Other Facilities, Construction, Manufacturing and Testing",25049408.3128,11
2015,Other Agencies,Education,Other Services,818670.9104,5
2011,State and IAP,USAID,C4ISR,120908944.3400,28
2013,Other Agencies,Interior,Other Services,2974261.5313,3
2013,Energy,Energy,C4ISR,964489.4395,3
2011,Other Agencies,Interior,C4ISR,585092.0094,6
2012,Defense,Army,Sea,5102565.5759,5
2012,Other Agencies,SMALL BUSINESS ADMINISTRATION,Other R&D and Knowledge Based,498339.2734,2
2014,Other Agencies,NATIONAL SCIENCE FOUNDATION,Other R&D and Knowledge Based,15344456.8204,7
2011,Other Agencies,Justice,Other Products,714012.8438,2
2014,Other Agencies,Justice,Other R&D and Knowledge Based,57213506.3808,26
2016,Other Agencies,NULL,"Other Facilities, Construction, Manufacturing and Testing",40846620.5938,4
2013,DHS,Other DHS,Other R&D and Knowledge Based,2452553.9531,3
2011,DHS,COAST GUARD,C4ISR,276752.0996,3
2007,Defense,Navy,NULL,4212000.0000,3
2014,Defense,Other DoD,Sea,8644309.0254,3
2016,Other Agencies,NATIONAL SCIENCE FOUNDATION,"Other Facilities, Construction, Manufacturing and Testing",1815072.3946,1
2015,DHS,TSA,C4ISR,75301205.1310,19
2011,Other Agencies,SMITHSONIAN INSTITUTION,"Other Facilities, Construction, Manufacturing and Testing",4385349.0000,1
2015,Other Agencies,Education,C4ISR,93964195.6015,22
2016,Defense,Air Force,Other R&D and Knowledge Based,971732387.0597,161
2011,Defense,Air Force,Air,282482638.7565,75
2015,Other Agencies,EPA,C4ISR,91353208.5996,13
2012,Defense,DLA,"Other Facilities, Construction, Manufacturing and Testing",26500885.4258,274
2014,Defense,Navy,Other Services,14719668.2921,21
2016,Defense,MilitaryHealth,Other Services,5062771.8126,2
2010,Defense,Army,"Other Facilities, Construction, Manufacturing and Testing",113182693.3302,42
2015,Other Agencies,VA,C4ISR,713422757.7875,83
2016,Defense,Army,NULL,3761198637.1125,270
2016,State and IAP,MILLENNIUM CHALLENGE CORPORATION,"Other Facilities, Construction, Manufacturing and Testing",87500.0000,1
2012,Defense,DLA,Sea,6580999.9070,75
2016,DHS,FEMA,NULL,27328802.3048,7
2014,Defense,Air Force,Land,3909064.0313,2
2015,Other Agencies,Justice,NULL,4579428.5236,1
2015,Defense,Air Force,Land,24747525.9434,3
2015,Defense,Navy,"Other Facilities, Construction, Manufacturing and Testing",7900997571.0109,866
2011,HHS,HHS,Other Services,4736067.0000,10
2013,Defense,Other DoD,Land,210038.6563,2
2013,Other Agencies,NUCLEAR REGULATORY COMMISSION,C4ISR,6372176.5000,4
2013,Defense,Air Force,"Other Facilities, Construction, Manufacturing and Testing",631556318.4826,326
2013,Defense,Army,C4ISR,1959998529.7007,326
2014,NASA,NASA,Air,43000.0000,1
2012,DHS,Other DHS,Land,874838.2500,1
2016,State and IAP,State,Other Services,2870151.3750,2
2011,Energy,Energy,Other R&D and Knowledge Based,2027631.3984,3
2014,State and IAP,USAID,C4ISR,123730720.2563,34
2015,Defense,MilitaryHealth,C4ISR,185010399.2656,8
2012,DHS,FEMA,C4ISR,4324794.3047,3
2011,DHS,FEMA,Other R&D and Knowledge Based,121511766.1722,28
2012,Defense,Navy,Land,119079885.1040,15
2008,Defense,Navy,Sea,1331625.0000,1
2015,Defense,Navy,Sea,841790599.8673,172
2013,Defense,Other DoD,Space,981553.0000,2
2016,DHS,ICE,NULL,993884.6250,1
2013,Other Agencies,FEDERAL TRADE COMMISSION,Other Services,533600.0000,1
2014,DHS,COAST GUARD,C4ISR,51964320.9996,22
2012,Other Agencies,Transportation,NULL,484854.0000,1
2011,Defense,Air Force,Sea,41075.0000,1
2016,Defense,Army,"Weapons, Ammunition and Missiles",488636222.8968,38
2016,DHS,COAST GUARD,C4ISR,9116251.2758,11
2011,State and IAP,State,"Other Facilities, Construction, Manufacturing and Testing",60249125.8438,2
2014,Defense,Air Force,Air,1734377021.5839,211
2012,Other Agencies,Agriculture,Other Services,939344.9864,6
2010,Defense,Navy,Sea,722156.2189,3
2011,Other Agencies,Archives,"Other Facilities, Construction, Manufacturing and Testing",1612360.0000,3
2014,Other Agencies,Transportation,Other R&D and Knowledge Based,167732909.5445,93
2013,NASA,NASA,"Other Facilities, Construction, Manufacturing and Testing",42996104.6427,10
2015,Defense,Other DoD,Space,800911.0000,2
2014,Defense,Navy,Space,242099625.4275,10
2010,Other Agencies,Interior,C4ISR,112821.0000,2
2011,Other Agencies,COURT SERVICES AND OFFENDER SUPERVISION AGENCY,C4ISR,0.0000,1
2012,NASA,NASA,C4ISR,105957820.9627,38
2011,DHS,FEMA,"Other Facilities, Construction, Manufacturing and Testing",14185557.0000,1
2016,Other Agencies,Commerce,C4ISR,26219456.1175,8
2011,Other Agencies,VA,NULL,22749324.0000,3
2010,Defense,DLA,Air,165062.0781,2
2013,Other Agencies,Education,Other R&D and Knowledge Based,56674613.0392,38
2012,Defense,Other DoD,"Other Facilities, Construction, Manufacturing and Testing",2665825.7073,34
2011,Defense,DLA,Land,54567831.1240,220
2014,State and IAP,State,Other Services,17926549.1563,3
2014,Defense,MilitaryHealth,Other R&D and Knowledge Based,12058290.5508,5
2015,State and IAP,USAID,"Other Facilities, Construction, Manufacturing and Testing",4604880.0736,4
2012,Other Agencies,Transportation,Other R&D and Knowledge Based,113278416.9419,53
2013,Defense,MilitaryHealth,C4ISR,2691707.0626,2
2012,Other Agencies,VA,Other Products,2636588.7490,9
2016,Other Agencies,OFFICE OF PERSONNEL MANAGEMENT,C4ISR,81960810.0000,2
2014,Other Agencies,Commerce,Other Products,1760332.7500,1
2012,Defense,Army,"Weapons, Ammunition and Missiles",62271062.6128,30
2015,NASA,NASA,Other R&D and Knowledge Based,315838719.3474,28
2016,Other Agencies,Interior,NULL,29319560.4064,16
2011,Other Agencies,Treasury,NULL,297651.4844,2
2011,HHS,HHS,"Other Facilities, Construction, Manufacturing and Testing",2728243.7735,21
2014,State and IAP,USAID,Other R&D and Knowledge Based,1529681222.0494,89
2015,Defense,DLA,C4ISR,404350686.3211,261
2013,Other Agencies,Justice,"Other Facilities, Construction, Manufacturing and Testing",89396.0000,2
2013,Defense,Navy,Space,103047841.8609,11
2014,Defense,Navy,Sea,686162287.9142,134
2013,Other Agencies,SMALL BUSINESS ADMINISTRATION,C4ISR,74813.4707,3
2014,Other Agencies,OFFICE OF PERSONNEL MANAGEMENT,NULL,291308.8438,1
2015,Energy,Energy,NULL,151877.7032,1
2012,Defense,Air Force,Other Services,11384981.4262,13
2015,Defense,Navy,Air,2205155639.0765,201
2016,Defense,MDA,C4ISR,41917112.3740,3
2016,Other Agencies,VA,Other R&D and Knowledge Based,4483158.8458,9
2010,DHS,OPO,C4ISR,911278.0000,4
2014,Other Agencies,NATIONAL TRANSPORTATION SAFETY BOARD,C4ISR,303365.0000,1
2013,Other Agencies,Agriculture,Other Services,5961237.6955,4
2012,Energy,Energy,Other Products,550000.0000,1
2015,Other Agencies,VA,Other R&D and Knowledge Based,40264470.1372,26
2014,State and IAP,State,"Other Facilities, Construction, Manufacturing and Testing",223706811.0429,21
2016,Other Agencies,Education,NULL,224134.0000,1
2014,Defense,Army,Other Services,70318447.6848,15
2012,DHS,COAST GUARD,Land,70427.7989,2
2016,DHS,FEMA,C4ISR,21000000.0000,2
2014,Defense,Navy,Land,35496434.7309,5
2013,State and IAP,State,"Other Facilities, Construction, Manufacturing and Testing",7947859.0000,8
2013,Other Agencies,Comptroller,Other R&D and Knowledge Based,247500.0000,2
2012,DHS,Other DHS,"Other Facilities, Construction, Manufacturing and Testing",13860287.1425,28
2012,Defense,Other DoD,Other R&D and Knowledge Based,935672910.9154,173
2013,Other Agencies,Agriculture,C4ISR,3045916.6093,15
2011,DHS,COAST GUARD,Land,130456.3204,2
2016,State and IAP,USAID,"Other Facilities, Construction, Manufacturing and Testing",5552235.4534,4
2015,Defense,Army,Other Services,76337600.0833,17
2012,Other Agencies,Interior,Other Products,695446.8516,1
2012,Other Agencies,Transportation,C4ISR,4085652.1484,9
2014,Defense,Air Force,"Weapons, Ammunition and Missiles",452795126.5170,59
2014,Other Agencies,Education,Other R&D and Knowledge Based,49701511.6507,41
2010,NASA,NASA,C4ISR,8337889.9687,1
2014,Other Agencies,Archives,Other R&D and Knowledge Based,148372.0000,2
2012,DHS,CBP,Other R&D and Knowledge Based,1559624.8828,3
2012,Other Agencies,Treasury,Other R&D and Knowledge Based,32584533.2001,10
2013,Defense,Other DoD,Other Services,340699909.1426,142
2016,Defense,Air Force,"Other Facilities, Construction, Manufacturing and Testing",173828904.0955,169
2012,Other Agencies,NUCLEAR REGULATORY COMMISSION,Other R&D and Knowledge Based,389888.0000,1
2012,Defense,Other DoD,Other Services,21378002.4055,51
2016,Defense,Army,C4ISR,3550276294.7278,170
2013,State and IAP,State,Other Services,24059834.0000,2
2016,Other Agencies,NUCLEAR REGULATORY COMMISSION,C4ISR,2134838.4844,2
2013,Other Agencies,Treasury,Other R&D and Knowledge Based,21254830.1875,7
2014,Other Agencies,VA,Other Products,208673.7777,3
2012,Other Agencies,VA,Land,35716.0391,1
2016,Other Agencies,Justice,"Other Facilities, Construction, Manufacturing and Testing",3679480.0000,1
2010,Other Agencies,Agriculture,Other R&D and Knowledge Based,438200.0000,1
2014,Other Agencies,Commerce,Other R&D and Knowledge Based,13241639.2500,26
2012,Other Agencies,SECURITIES AND EXCHANGE COMMISSION,C4ISR,6401204.5000,4
2014,Defense,DLA,Other R&D and Knowledge Based,21146477.5673,9
2016,DHS,CBP,NULL,6539499.0822,3
2010,State and IAP,USAID,Other R&D and Knowledge Based,3021888.0000,3
2014,Defense,Army,Other R&D and Knowledge Based,1250770941.5349,380
2013,Other Agencies,VA,"Other Facilities, Construction, Manufacturing and Testing",453068890.7242,112
2016,Defense,Other DoD,Other R&D and Knowledge Based,419896658.7539,128
2013,Other Agencies,NATIONAL SCIENCE FOUNDATION,C4ISR,9637499.0000,2
2009,DHS,OPO,C4ISR,2242609.2500,3
2013,DHS,OPO,"Other Facilities, Construction, Manufacturing and Testing",249114.0000,1
2014,DHS,Other DHS,C4ISR,16636779.8788,8
2015,State and IAP,State,Sea,1454296.0000,1
2012,Defense,Army,Other Services,2277281.9942,9
2016,DHS,CBP,Other R&D and Knowledge Based,462224.0000,1
2015,Other Agencies,OFFICE OF PERSONNEL MANAGEMENT,Other Services,10952564.0000,1
2011,Defense,Navy,NULL,59103372.7188,6
2011,Other Agencies,VA,"Other Facilities, Construction, Manufacturing and Testing",243089392.6828,90
2011,Defense,Army,Other Products,97718137.4884,22
2015,Defense,Navy,Other R&D and Knowledge Based,1232294357.6197,285
2012,Other Agencies,NULL,"Other Facilities, Construction, Manufacturing and Testing",15254430.9492,9
2012,Defense,Army,NULL,34048120.7500,5
2012,Other Agencies,FEDERAL TRADE COMMISSION,C4ISR,230623.7461,2
2014,Defense,DLA,"Other Facilities, Construction, Manufacturing and Testing",4420039.3359,42
2013,Energy,Energy,"Other Facilities, Construction, Manufacturing and Testing",258545491.7257,4
2010,Other Agencies,EPA,"Other Facilities, Construction, Manufacturing and Testing",1878874.9902,4
2010,Other Agencies,Agriculture,"Other Facilities, Construction, Manufacturing and Testing",4500.0000,1
2012,HHS,HHS,Other Products,547100.0000,2
2013,Other Agencies,HUD,C4ISR,6035328.0000,2
2015,DHS,OPO,NULL,1185594.6172,4
2014,Defense,Army,"Other Facilities, Construction, Manufacturing and Testing",10685877212.1769,984
2013,Defense,DLA,Other Products,253146188.6495,2103
2014,Other Agencies,EPA,Other R&D and Knowledge Based,10815134.3028,47
2011,Other Agencies,Transportation,C4ISR,16095109.0000,10
2015,Energy,Energy,C4ISR,4828219.8556,10
2013,Other Agencies,Transportation,Air,15352362.3600,1
2015,Defense,Army,Space,4496879.4844,1
2014,Other Agencies,NULL,"Other Facilities, Construction, Manufacturing and Testing",48453733.0764,20
2014,Defense,Navy,Other Products,6704950.4143,16
2011,HHS,HHS,NULL,1062276.2617,1
2015,DHS,Other DHS,NULL,159880.4844,1
2015,State and IAP,USAID,Other Services,24889228.0411,3
2016,NULL,NULL,Other Services,157529.4062,1
2013,Other Agencies,All other Customers,Other R&D and Knowledge Based,1205064.8925,3
2004,Defense,Army,C4ISR,3728000.0000,1
2015,Defense,MDA,"Weapons, Ammunition and Missiles",1740269426.9761,21
2014,Defense,DLA,Sea,10452421.9478,117
2012,Defense,Navy,C4ISR,572007109.6780,524
2014,Other Agencies,Labor,Other R&D and Knowledge Based,26236856.4102,17
2014,State and IAP,PEACE CORPS,C4ISR,935805.1875,1
2013,Other Agencies,Labor,C4ISR,5737671.6862,6
2010,Defense,Navy,C4ISR,278608804.5745,45
2015,Other Agencies,COMMODITY FUTURES TRADING COMMISSION,C4ISR,132864652.0000,5
2014,Defense,MilitaryHealth,Other Services,559684510.4609,1
2011,Defense,DLA,Other Products,9007053.6136,124
2013,Other Agencies,Agriculture,"Other Facilities, Construction, Manufacturing and Testing",2173602.0665,9
2011,DHS,ICE,Other Services,138379.3125,1
2013,Defense,Air Force,Other Services,25497878.7482,23
2010,Other Agencies,Transportation,Other R&D and Knowledge Based,400000.0000,1
2014,Defense,DLA,C4ISR,401796384.2920,370
2014,Other Agencies,Justice,"Other Facilities, Construction, Manufacturing and Testing",1209619.0000,2
2014,Other Agencies,OFFICE OF PERSONNEL MANAGEMENT,Other R&D and Knowledge Based,1140233.0470,5
2014,Other Agencies,Interior,Other Products,821915.8672,1
2016,Other Agencies,Agriculture,C4ISR,45119930.0137,9
2011,NASA,NASA,Space,15986851.6748,25
2016,Defense,Air Force,Space,42645504.1652,7
2007,Defense,Air Force,Other R&D and Knowledge Based,16740326.0000,2
2013,Other Agencies,Transportation,C4ISR,62313169.7881,27
2015,Other Agencies,VA,NULL,21430270.4765,9
2015,Defense,Other DoD,Other Services,169106129.0629,119
2014,Defense,Other DoD,Other Services,114832915.6135,110
2016,State and IAP,State,"Other Facilities, Construction, Manufacturing and Testing",655864365.2109,5
2016,Other Agencies,Interior,Other R&D and Knowledge Based,8563431.5078,18
2012,DHS,Other DHS,"Weapons, Ammunition and Missiles",41763.7500,1
2016,Other Agencies,VA,NULL,27912481.4488,29
2016,HHS,HHS,Other R&D and Knowledge Based,414451906.0183,237
2013,NASA,NASA,NULL,7055486.1133,1
2013,Defense,Other DoD,Other R&D and Knowledge Based,1212860530.1524,198
2013,Defense,Navy,Sea,2226701949.3746,175
2012,Defense,Navy,Sea,119860850.0373,93
2015,Other Agencies,Transportation,"Other Facilities, Construction, Manufacturing and Testing",53714406.7789,37
2006,Defense,Navy,C4ISR,153390483.5313,4
2015,Defense,Navy,Other Products,3693815.1497,12
2015,Defense,Air Force,"Weapons, Ammunition and Missiles",630785132.6182,59
2013,Other Agencies,VA,Other Products,14032168.1194,121
2015,DHS,ICE,"Other Facilities, Construction, Manufacturing and Testing",517730.0000,1
2011,NASA,NASA,C4ISR,69831953.5143,46
2015,Energy,Energy,Other R&D and Knowledge Based,48149790.9249,27
2013,Other Agencies,All other Customers,"Other Facilities, Construction, Manufacturing and Testing",3086961.4142,14
2010,Other Agencies,SMALL BUSINESS ADMINISTRATION,C4ISR,44661.0000,1
2012,Other Agencies,Justice,C4ISR,74677862.9183,78
2013,State and IAP,USAID,Other R&D and Knowledge Based,395219057.2305,66
2015,Defense,MDA,Space,720000.0000,1
2015,Other Agencies,EQUAL EMPLOYMENT OPPORTUNITY COMMISSION,C4ISR,83825.7891,1
2011,Other Agencies,SMALL BUSINESS ADMINISTRATION,C4ISR,72142.1992,2
2012,State and IAP,USAID,Other R&D and Knowledge Based,370593858.5667,49
2014,Other Agencies,All other Customers,"Other Facilities, Construction, Manufacturing and Testing",6774175.1399,18
2011,Other Agencies,Justice,C4ISR,22147642.3212,85
2016,Other Agencies,All other Customers,C4ISR,105583845.4870,11
2015,State and IAP,State,"Other Facilities, Construction, Manufacturing and Testing",287272522.8202,38
2015,GSA,GSA,NULL,222327.0000,2
2012,DHS,FEMA,Other Services,157423.4289,1
2012,Energy,Energy,Land,56070.0000,1
2016,GSA,GSA,NULL,5069597259.6104,67
2011,State and IAP,USAID,Other Products,27440606.7500,2
2011,State and IAP,USAID,NULL,446976.0000,1
2009,Defense,Navy,C4ISR,12890811.7500,4
2013,Other Agencies,All other Customers,C4ISR,178005547.0999,31
2016,Defense,Navy,Land,42763746.6331,4
2012,Other Agencies,Commerce,NULL,99445.0000,1
2012,Defense,Other DoD,Land,2600124103.0000,2
2016,Defense,Air Force,C4ISR,665496291.1492,171
2015,State and IAP,USAID,C4ISR,32076296.6524,32
2012,GSA,GSA,Other R&D and Knowledge Based,216708297.0371,41
2014,Defense,Navy,"Other Facilities, Construction, Manufacturing and Testing",11537389503.1210,628
2016,Defense,Navy,"Weapons, Ammunition and Missiles",1727842865.2886,54
2013,DHS,Other DHS,C4ISR,190958240.1467,6
2015,Defense,Army,Sea,699175.0000,4
2010,DHS,FEMA,Other R&D and Knowledge Based,3064682.9219,2
2013,Defense,Air Force,Air,1836119016.5507,216
2015,Defense,DLA,Sea,6961572.1426,80
2014,Other Agencies,NATIONAL SCIENCE FOUNDATION,C4ISR,433322.0000,3
2015,Defense,Army,Other R&D and Knowledge Based,630562456.4173,383
2013,State and IAP,State,C4ISR,190700739.7487,90
2010,HHS,HHS,Other Services,494283.0000,1
2015,Other Agencies,Justice,Other Products,33016.5000,1
2014,Defense,Other DoD,Air,929357297.5448,38
2014,Other Agencies,Transportation,Air,481492.8482,1
2014,Defense,Navy,Other R&D and Knowledge Based,595391987.0530,258
2011,DHS,COAST GUARD,"Other Facilities, Construction, Manufacturing and Testing",15049080.6290,9
2012,Defense,Navy,NULL,20084041.0977,5
2014,NASA,NASA,"Other Facilities, Construction, Manufacturing and Testing",115896292.8616,14
2012,DHS,TSA,Other R&D and Knowledge Based,887253.6094,2
2015,DHS,COAST GUARD,C4ISR,9293962.1445,32
2010,DHS,FEMA,Other Services,194578.0000,1
2016,Other Agencies,Transportation,"Other Facilities, Construction, Manufacturing and Testing",6091999.3233,14
2015,Defense,DLA,"Other Facilities, Construction, Manufacturing and Testing",7045029.0254,16
2012,GSA,GSA,Other Services,28025848.1074,15
2014,State and IAP,USAID,Other Services,8747898.5939,3
2015,Defense,Army,"Other Facilities, Construction, Manufacturing and Testing",16468933614.5805,813
2011,Other Agencies,Agriculture,"Other Facilities, Construction, Manufacturing and Testing",2708848.6406,20
2013,Other Agencies,NULL,"Other Facilities, Construction, Manufacturing and Testing",159717887.9156,24
2015,DHS,CBP,Other R&D and Knowledge Based,3400769.8594,6
2012,Defense,MilitaryHealth,C4ISR,8064982.8125,6
2015,Defense,MilitaryHealth,Other R&D and Knowledge Based,13368842.4141,7
2013,Other Agencies,OFFICE OF PERSONNEL MANAGEMENT,Other R&D and Knowledge Based,1357373.0000,2
2012,Other Agencies,Commerce,Other Services,392000.4648,4
2011,Other Agencies,Transportation,Other R&D and Knowledge Based,15903966.3008,27
2011,Other Agencies,EPA,Other R&D and Knowledge Based,3036764.8731,11
2012,Defense,DLA,Land,46924779.7883,266
2015,Other Agencies,NATIONAL SCIENCE FOUNDATION,"Other Facilities, Construction, Manufacturing and Testing",1495279.5039,1
2013,Defense,DLA,"Weapons, Ammunition and Missiles",6703976.1642,34
2012,Defense,Army,Land,334306116.9714,41
2014,Other Agencies,BROADCASTING BOARD OF GOVERNORS,Other R&D and Knowledge Based,12759484.0000,1
2013,NASA,NASA,Space,115496242.3168,60
2012,HHS,HHS,NULL,648471.3125,1
2013,Defense,Other DoD,"Other Facilities, Construction, Manufacturing and Testing",3526096.2500,4
2015,Other Agencies,Interior,NULL,3269800.0000,2
2014,Defense,Army,Space,1423859.8438,1
2016,NASA,NASA,Other R&D and Knowledge Based,303104583.2429,17
2014,Other Agencies,SECURITIES AND EXCHANGE COMMISSION,Other R&D and Knowledge Based,2626709.5000,1
2014,Other Agencies,All other Customers,Other R&D and Knowledge Based,3716918.4785,5
2014,Other Agencies,NATIONAL LABOR RELATIONS BOARD,C4ISR,36585.0000,1
2013,GSA,GSA,"Other Facilities, Construction, Manufacturing and Testing",40269296.1253,69
2016,Energy,Energy,"Other Facilities, Construction, Manufacturing and Testing",264127618.4630,11
2013,Defense,Other DoD,Other Products,89900.0000,1
2011,Defense,DLA,"Other Facilities, Construction, Manufacturing and Testing",39588353.1986,464
2011,Other Agencies,NATIONAL SCIENCE FOUNDATION,Other R&D and Knowledge Based,1046875.0313,5
2012,Other Agencies,VA,Other Services,164250.0000,1
2012,Energy,Energy,C4ISR,2755220.5938,9
2016,DHS,FEMA,Other Products,472927.6016,1
2012,Defense,Army,Air,315236604.5458,59
2012,DHS,OPO,Other R&D and Knowledge Based,22808715.6275,21
2011,Defense,DLA,Sea,4415389.3301,48
2008,Defense,Navy,Other R&D and Knowledge Based,143638345.0000,9
2015,Defense,Air Force,NULL,248952212.6407,55
2012,Other Agencies,Interior,Other Services,113977.0000,1
2013,Other Agencies,NULL,C4ISR,375744.5000,1
2015,GSA,GSA,"Other Facilities, Construction, Manufacturing and Testing",61195783.9910,97
2011,Other Agencies,Labor,Other R&D and Knowledge Based,1047197.8809,3
2014,Other Agencies,VA,Other Services,1023767.1406,5
2012,Defense,Air Force,Air,1103342892.1452,170
2013,NASA,NASA,Other Services,7205927.3984,9
2016,Defense,DLA,Other Products,17842889.3708,245
2010,DHS,FEMA,C4ISR,65393.0000,1
2012,Other Agencies,OFFICE OF PERSONNEL MANAGEMENT,C4ISR,493778.0000,1
2012,Other Agencies,SMITHSONIAN INSTITUTION,"Other Facilities, Construction, Manufacturing and Testing",16969966.0000,1
2013,Other Agencies,EPA,"Other Facilities, Construction, Manufacturing and Testing",40732892.9335,63
2012,DHS,COAST GUARD,"Other Facilities, Construction, Manufacturing and Testing",5236448.3282,7
2016,Other Agencies,EPA,C4ISR,5350337.5626,4
2012,Defense,DLA,Air,16642904.6722,91
2014,GSA,GSA,C4ISR,1861378534.0656,76
2015,Other Agencies,Justice,Other R&D and Knowledge Based,39176417.6310,22
2011,State and IAP,State,NULL,209144.5743,1
2015,DHS,FEMA,Other R&D and Knowledge Based,8727509.0793,10
2013,Defense,Air Force,NULL,151458.0000,2
2011,State and IAP,USAID,"Other Facilities, Construction, Manufacturing and Testing",125007803.9631,2
2010,Defense,MDA,"Weapons, Ammunition and Missiles",46603.0000,1
2016,NASA,NASA,C4ISR,799121748.7385,12
2012,Defense,Air Force,Other Products,7497925.4648,17
2011,Defense,Air Force,Land,185254.3594,2
2011,Other Agencies,Treasury,C4ISR,88957485.8638,39
2013,Other Agencies,HUD,Other R&D and Knowledge Based,10634460.4143,7
2013,Defense,Army,Sea,7399401.0844,6
2013,Other Agencies,Archives,C4ISR,1568837.0000,1
2010,Defense,Navy,Other R&D and Knowledge Based,150805219.5978,32
2015,Other Agencies,Treasury,"Other Facilities, Construction, Manufacturing and Testing",6601860.6406,2
2014,Other Agencies,Transportation,Land,57000.0000,1
2012,Defense,MilitaryHealth,Other R&D and Knowledge Based,3967046.9922,3
2013,Other Agencies,Commerce,"Other Facilities, Construction, Manufacturing and Testing",907308.7239,7
2012,DHS,Other DHS,Other R&D and Knowledge Based,10427286.1641,1
2011,Other Agencies,Commerce,"Other Facilities, Construction, Manufacturing and Testing",2519950.2500,3
2013,Defense,Other DoD,Sea,5161694.2089,7
2014,Defense,DLA,Air,228810458.5864,367
2010,Defense,Air Force,Air,23370740.3086,10
2014,Other Agencies,Labor,C4ISR,102683343.0163,11
2010,Other Agencies,Commerce,C4ISR,66550145.0000,2
2015,Other Agencies,Justice,C4ISR,494543750.8679,67
2011,Defense,Other DoD,"Other Facilities, Construction, Manufacturing and Testing",484222.3008,4
2014,DHS,CBP,C4ISR,27581742.3487,5
2012,Other Agencies,All other Customers,Other R&D and Knowledge Based,2318927.7910,9
2013,Defense,Army,Other R&D and Knowledge Based,894616872.7625,315
2013,Other Agencies,Transportation,Other R&D and Knowledge Based,96017121.6802,80
2014,Other Agencies,VA,"Other Facilities, Construction, Manufacturing and Testing",4159167054.2149,92
2014,Defense,MilitaryHealth,C4ISR,109719595.4747,12
2011,Other Agencies,NULL,"Other Facilities, Construction, Manufacturing and Testing",6197760.1368,4
2012,Other Agencies,SECURITIES AND EXCHANGE COMMISSION,Other R&D and Knowledge Based,1785266.0000,2
2015,State and IAP,State,Other Services,8565539.1016,4
2012,Energy,Energy,Other R&D and Knowledge Based,6501310.8281,4
2015,DHS,CBP,NULL,486419.5312,1
2010,Defense,Air Force,Other R&D and Knowledge Based,23707552.3125,11
2016,Other Agencies,Justice,NULL,1830432.1992,7
2012,State and IAP,State,"Other Facilities, Construction, Manufacturing and Testing",438353.3514,24
2013,Defense,DLA,"Other Facilities, Construction, Manufacturing and Testing",11790443.8048,73
2012,Other Agencies,Interior,"Other Facilities, Construction, Manufacturing and Testing",36920737.6837,14
2011,Defense,Army,Air,72954676.9415,16
2014,State and IAP,State,Other R&D and Knowledge Based,35708101.7042,14
2011,Other Agencies,Labor,"Other Facilities, Construction, Manufacturing and Testing",13685745.0000,5
2011,Other Agencies,OFFICE OF PERSONNEL MANAGEMENT,Other R&D and Knowledge Based,284009.0000,1
2016,DHS,OPO,NULL,11030649.2812,22
2012,Energy,Energy,"Other Facilities, Construction, Manufacturing and Testing",245650744.6224,8
2011,Other Agencies,EPA,"Other Facilities, Construction, Manufacturing and Testing",15699742.2735,27
2012,Other Agencies,Agriculture,C4ISR,2309525.0743,12
2012,Other Agencies,Education,Other R&D and Knowledge Based,17706352.5997,19
2011,Other Agencies,FEDERAL TRADE COMMISSION,C4ISR,197512.7969,1
2012,Other Agencies,VA,NULL,91250.0000,1
2011,DHS,FEMA,Other Products,338784.5625,1
2012,GSA,GSA,"Other Facilities, Construction, Manufacturing and Testing",215455313.5273,58
2016,Other Agencies,Education,C4ISR,32191087.9227,17
2013,Defense,Army,Other Services,16781263.6291,9
2013,DHS,COAST GUARD,C4ISR,12087565.3535,15
2012,DHS,TSA,NULL,54624.9805,1
2015,DHS,Other DHS,C4ISR,31207933.5706,32
2012,Other Agencies,COURT SERVICES AND OFFENDER SUPERVISION AGENCY,C4ISR,103792.1094,1
2014,State and IAP,USAID,"Other Facilities, Construction, Manufacturing and Testing",4778154.4336,4
2012,Defense,Army,Other Products,9606242.2111,18
2015,DHS,FEMA,C4ISR,14282825.7971,12
2012,DHS,FEMA,"Other Facilities, Construction, Manufacturing and Testing",7594247.0898,4
2012,Defense,MDA,"Weapons, Ammunition and Missiles",740529794.4992,10
2013,Defense,Army,"Other Facilities, Construction, Manufacturing and Testing",7853944054.7606,1027
2011,Other Agencies,Treasury,Other R&D and Knowledge Based,9112560.1955,7
2010,Defense,Army,Land,6435368.5000,4
2012,Defense,DLA,Other Products,9988980.2090,164
2015,Other Agencies,OFFICE OF PERSONNEL MANAGEMENT,C4ISR,418482029.5938,7
2011,Other Agencies,Agriculture,Other Services,645801.0799,7
2012,Defense,Navy,Other R&D and Knowledge Based,561395350.1798,199
2010,Defense,Navy,Other Products,70414.0000,1
2016,Defense,Navy,C4ISR,3081263130.5137,396
2011,Other Agencies,SECURITIES AND EXCHANGE COMMISSION,Other R&D and Knowledge Based,465098.0000,2
2013,Defense,Other DoD,"Weapons, Ammunition and Missiles",12566768.1333,4
2011,Other Agencies,Interior,Other Services,60000.0000,1
2015,GSA,GSA,Other Services,51184875.1211,9
2016,Defense,MDA,NULL,87087992.4768,9
2011,DHS,FEMA,C4ISR,932873.8672,5
2015,Defense,Air Force,Other Products,5718224.6250,2
2013,Defense,DLA,Air,178694400.3917,314
2013,Other Agencies,VA,Other Services,5718780.0079,94
2012,Other Agencies,NATIONAL SCIENCE FOUNDATION,Other R&D and Knowledge Based,1168831.0000,2
2012,Other Agencies,NULL,C4ISR,151287.4219,1
2016,GSA,GSA,"Other Facilities, Construction, Manufacturing and Testing",188372465.0470,25
2016,Defense,DLA,NULL,305690920.2432,876
2011,Defense,Other DoD,"Weapons, Ammunition and Missiles",913909.0000,1
2014,Other Agencies,Commerce,"Other Facilities, Construction, Manufacturing and Testing",680662.0713,6
2015,Other Agencies,Agriculture,Other R&D and Knowledge Based,6744052.6328,14
2013,DHS,OPO,Other R&D and Knowledge Based,38368847.7618,37
2016,Other Agencies,FEDERAL TRADE COMMISSION,C4ISR,272497.2812,1
2012,Other Agencies,Justice,Land,43573303.0000,6
2016,Defense,DLA,Land,384902.9220,3
2011,Energy,Energy,C4ISR,683432.9922,6
2012,Defense,Army,"Other Facilities, Construction, Manufacturing and Testing",4445136399.3104,1117
2013,Defense,Other DoD,NULL,18510906.2500,2
2011,Other Agencies,OFFICE OF PERSONNEL MANAGEMENT,C4ISR,975263.6211,3
2013,Defense,Army,Space,492388.3594,1
2014,Other Agencies,HUD,Other R&D and Knowledge Based,15394548.0137,7
2015,Other Agencies,All other Customers,NULL,1238406.0156,4
2011,Defense,Navy,Other R&D and Knowledge Based,261868212.1352,150
2014,Other Agencies,CONSUMER PRODUCT SAFETY COMMISSION,C4ISR,2337163.5157,3
2016,HHS,HHS,C4ISR,1652104360.1560,34
2011,Defense,MDA,"Weapons, Ammunition and Missiles",86902773.7209,9
2010,Other Agencies,Treasury,C4ISR,362808.0000,5
2013,Defense,Air Force,Other Products,2818342.7734,9
2016,Other Agencies,Labor,"Other Facilities, Construction, Manufacturing and Testing",19363758.2342,18
2013,Defense,Army,Air,1072987459.5791,182
2015,Defense,DLA,Air,153468122.4047,385
2012,Other Agencies,Treasury,C4ISR,47477034.6853,38
2010,Defense,DLA,"Other Facilities, Construction, Manufacturing and Testing",32711121.1849,340
2012,State and IAP,State,NULL,-34273.4006,2
2015,Other Agencies,Commerce,C4ISR,133965108.3215,98
2015,Other Agencies,Interior,Sea,71459.2500,1
2005,DHS,OPO,C4ISR,15314883.0000,1
2011,Defense,Army,Space,295001699.7743,1
2010,State and IAP,USAID,"Other Facilities, Construction, Manufacturing and Testing",14799846.0000,1
1969,Defense,Navy,Sea,1980456.2422,1
2016,DHS,COAST GUARD,Air,5746691.9218,1
2016,DHS,FEMA,Other R&D and Knowledge Based,1419268.4063,1
2012,Defense,Air Force,NULL,54960.0000,1
2015,Other Agencies,Exec Office,C4ISR,5401326.0000,4
2012,Other Agencies,Commerce,"Other Facilities, Construction, Manufacturing and Testing",65800.0000,2
2013,Defense,MilitaryHealth,Other R&D and Knowledge Based,5152072.4531,5
2012,Other Agencies,Justice,Other R&D and Knowledge Based,40986902.0079,16
2012,DHS,CBP,C4ISR,2749122.7344,5
2014,HHS,HHS,C4ISR,1333963400.5209,111
2016,Defense,Other DoD,Sea,682245.2500,1
2014,DHS,CBP,Air,127000.0000,1
2015,Defense,Other DoD,C4ISR,1893054691.9779,193
2013,Defense,DLA,Land,43116823.2340,392
2010,Other Agencies,Education,C4ISR,189459.7500,2
2014,DHS,FEMA,C4ISR,400013.0000,3
2014,NASA,NASA,Space,532213019.3894,59
2016,Defense,Air Force,Air,1286969966.8425,120
2011,Defense,Army,Land,168895165.6317,23
2016,Defense,Air Force,Other Services,7651786.1875,10
2012,State and IAP,State,Land,248365.1992,3
2012,Defense,Air Force,Space,288342.0000,1
2010,Defense,Army,Air,336106.5000,1
2015,NULL,NULL,Other R&D and Knowledge Based,586090.5000,2
2011,DHS,FEMA,Other Services,599564.7500,1
2013,Defense,Army,Land,2274813984.6875,82
2010,Other Agencies,VA,C4ISR,838861.8750,1
2013,DHS,TSA,Other R&D and Knowledge Based,5279524.4063,4
2013,GSA,GSA,NULL,508000.0000,1
2013,State and IAP,MILLENNIUM CHALLENGE CORPORATION,Other R&D and Knowledge Based,90164.5781,1
2013,Defense,Other DoD,C4ISR,1100817802.6777,252
2012,Other Agencies,Agriculture,Other R&D and Knowledge Based,3869627.5000,6
2012,State and IAP,State,C4ISR,116210944.1253,147
2014,Other Agencies,Justice,C4ISR,371359829.3830,57
2016,Defense,Navy,Air,3712549659.6054,92
2011,Other Agencies,SMALL BUSINESS ADMINISTRATION,Other R&D and Knowledge Based,571000.0000,2
2014,Defense,Army,"Weapons, Ammunition and Missiles",495251921.2309,71
2011,Other Agencies,All other Customers,"Other Facilities, Construction, Manufacturing and Testing",1043979.5469,7
2015,NASA,NASA,"Weapons, Ammunition and Missiles",5634085.8125,3
2011,DHS,TSA,NULL,2705046.0000,4
2015,Other Agencies,NUCLEAR REGULATORY COMMISSION,C4ISR,25882392.1334,6
2013,Other Agencies,NATIONAL GALLERY OF ART,Other R&D and Knowledge Based,435411.0000,1
2010,GSA,GSA,C4ISR,10529790.5000,7
2016,DHS,ICE,Other R&D and Knowledge Based,5590174.6250,6
2015,Other Agencies,Labor,NULL,2207606.0000,3
2011,Defense,Other DoD,Sea,1525899.0117,2
2014,Other Agencies,Agriculture,Other R&D and Knowledge Based,5973478.0859,10
2012,Defense,DLA,"Weapons, Ammunition and Missiles",2791667.5294,18
2013,DHS,FEMA,Other R&D and Knowledge Based,831471901.3427,12
2016,Other Agencies,Transportation,Sea,186500.0000,1
2016,Energy,Energy,NULL,8891020.3360,10
2016,Other Agencies,CORPORATION FOR NATIONAL AND COMMUNITY SERVICE,Other R&D and Knowledge Based,117329.0000,2
2006,Defense,Navy,Other R&D and Knowledge Based,260536711.1875,10
2014,NASA,NASA,C4ISR,160190718.5609,30
2013,State and IAP,USAID,"Other Facilities, Construction, Manufacturing and Testing",15320527.6758,5
2011,Other Agencies,Education,Other R&D and Knowledge Based,4082125.7891,7
2013,Defense,DLA,C4ISR,94038129.7373,332
2009,Defense,Air Force,Other R&D and Knowledge Based,13524095.7500,4
2014,Defense,Air Force,Space,14960573.4674,4
2013,Other Agencies,EQUAL EMPLOYMENT OPPORTUNITY COMMISSION,C4ISR,48899.5586,1
2013,Defense,Navy,Other Services,19878103.0540,27
2015,State and IAP,MILLENNIUM CHALLENGE CORPORATION,Other R&D and Knowledge Based,123119.7071,2
2013,Defense,Navy,"Other Facilities, Construction, Manufacturing and Testing",4702840561.8919,580
2013,DHS,COAST GUARD,Air,720585.0000,1
2015,Other Agencies,Archives,C4ISR,1387659.6153,5
2012,HHS,HHS,C4ISR,461122230.7681,72
2013,DHS,TSA,"Other Facilities, Construction, Manufacturing and Testing",48848.0000,1
2015,Defense,Air Force,C4ISR,1286312963.2754,403
2014,Other Agencies,FEDERAL TRADE COMMISSION,C4ISR,3090363.0000,1
2013,Defense,MDA,"Weapons, Ammunition and Missiles",1503595970.3537,28
2015,DHS,COAST GUARD,Other Services,4112393.5547,6
2014,Defense,Army,NULL,31905325.7990,13
2012,Other Agencies,NATIONAL SCIENCE FOUNDATION,"Other Facilities, Construction, Manufacturing and Testing",1749790.2265,1
2014,DHS,OPO,C4ISR,161491668.6249,27
2010,Other Agencies,Commerce,"Other Facilities, Construction, Manufacturing and Testing",48200.0000,1
2012,DHS,Other DHS,C4ISR,7838626.3009,5
2013,Defense,Navy,Other R&D and Knowledge Based,351285324.7012,288
2015,Other Agencies,NATIONAL SCIENCE FOUNDATION,C4ISR,1123965.1406,4
2016,DHS,OPO,C4ISR,2473223.3080,2
2013,DHS,COAST GUARD,Other Services,2895699.1055,4
2016,Other Agencies,BROADCASTING BOARD OF GOVERNORS,NULL,141746.4844,1
2016,NULL,NULL,NULL,5592163.6778,11
2016,Other Agencies,Archives,NULL,4152629.8984,3
2012,Defense,MDA,C4ISR,82673520.5666,9
2013,HHS,HHS,Other R&D and Knowledge Based,1419087732.4128,250
2016,Defense,Army,Sea,2537992.4062,1
2015,Other Agencies,VA,"Other Facilities, Construction, Manufacturing and Testing",3901775850.7264,45
2015,Other Agencies,Justice,Other Services,49000.0000,1
2016,State and IAP,State,NULL,8958197.2774,24
2012,Defense,MilitaryHealth,Other Services,754783870.0000,1
2015,Defense,Navy,"Weapons, Ammunition and Missiles",15509444803.7998,74
2013,Defense,Army,Other Products,68558235.7071,15
2011,Other Agencies,Labor,C4ISR,9135075.7032,17
2016,Defense,DLA,Sea,876395.1004,3
2015,HHS,HHS,Other R&D and Knowledge Based,701831669.2636,349
2011,Other Agencies,Exec Office,C4ISR,202944.0391,1
2010,Other Agencies,Justice,Other R&D and Knowledge Based,730162.0000,1
2011,Defense,Air Force,"Weapons, Ammunition and Missiles",10086327.1600,19
2016,Other Agencies,NATIONAL SCIENCE FOUNDATION,Other R&D and Knowledge Based,36531980.3334,2
2014,Other Agencies,Treasury,C4ISR,830404301.9555,62
2014,State and IAP,State,NULL,1428424.1196,5
2011,Energy,Energy,"Other Facilities, Construction, Manufacturing and Testing",188510165.2061,7
2013,State and IAP,USAID,Other Services,204293.0000,1
2016,DHS,TSA,NULL,152551592.4866,6
2013,NASA,NASA,"Weapons, Ammunition and Missiles",44241216.0000,1
2016,DHS,OPO,"Weapons, Ammunition and Missiles",250000.0000,1
2013,DHS,COAST GUARD,Other R&D and Knowledge Based,5540102.7696,14
2015,Other Agencies,OFFICE OF PERSONNEL MANAGEMENT,Other R&D and Knowledge Based,449560.0000,1
2014,Defense,Air Force,C4ISR,1498667641.7748,382
2015,Other Agencies,Interior,Other Products,876941.7813,2
2015,Other Agencies,Justice,"Other Facilities, Construction, Manufacturing and Testing",22650333.0000,2
2013,Other Agencies,NULL,Air,120000.0000,1
2012,DHS,ICE,C4ISR,2800897.4667,5
2010,Defense,Other DoD,Other R&D and Knowledge Based,208457134.9375,21
2015,Other Agencies,EPA,NULL,1112139.4218,4
2016,Other Agencies,VA,Other Products,14590372.6817,18
2016,Other Agencies,Commerce,Other R&D and Knowledge Based,7363742.4064,5
2014,Defense,MDA,Space,68916.1563,1
2011,DHS,Other DHS,C4ISR,17998139.6173,6
2016,DHS,FEMA,"Other Facilities, Construction, Manufacturing and Testing",-4316528.7128,15
2010,Defense,Navy,"Weapons, Ammunition and Missiles",37480059.5139,2
2008,Defense,Army,NULL,6500000.0000,1
2014,Defense,Other DoD,Other R&D and Knowledge Based,557079708.0977,194
2015,DHS,FEMA,"Other Facilities, Construction, Manufacturing and Testing",192261.5976,2
2015,Defense,MDA,C4ISR,58111409.4102,7
2016,Other Agencies,INTERNATIONAL TRADE COMMISSION,NULL,136799.6562,1
2013,Other Agencies,Interior,NULL,101100.3984,1
2015,Other Agencies,Comptroller,Other R&D and Knowledge Based,292500.0000,2
2011,Defense,Navy,"Weapons, Ammunition and Missiles",562252612.2366,17
2014,Other Agencies,Treasury,Other R&D and Knowledge Based,35886708.2325,22
2015,DHS,FEMA,Other Services,0.0200,1
2013,Defense,DLA,NULL,575900.7910,7
2011,Defense,Air Force,Other Products,4553909.6640,23
2011,Other Agencies,VA,Other Products,13314945.9846,75
2015,State and IAP,State,NULL,254829.0000,3
2013,DHS,CBP,Air,115000.0000,1
2011,HHS,HHS,C4ISR,32899902.6925,56
2014,Defense,MDA,"Weapons, Ammunition and Missiles",2262771281.0743,14
2014,DHS,COAST GUARD,Other Services,966240.1250,2
2016,Defense,Other DoD,Other Services,117398485.7287,63
2016,DHS,Other DHS,"Other Facilities, Construction, Manufacturing and Testing",3130128.8204,5
2014,Defense,Army,Other Products,194102.2578,3
2016,State and IAP,USAID,NULL,17214148.3280,10
2012,Other Agencies,Labor,C4ISR,4733037.2969,9
2015,Defense,Other DoD,Other R&D and Knowledge Based,818904780.5278,167
2012,Defense,Other DoD,C4ISR,1133262603.8351,160
2013,Other Agencies,Agriculture,Other R&D and Knowledge Based,3842327.7032,12
2010,Other Agencies,Agriculture,C4ISR,2145343.1250,1
2012,Defense,Other DoD,Sea,406914.0000,3
2009,GSA,GSA,C4ISR,6000000.0000,1
2012,Other Agencies,FEDERAL TRADE COMMISSION,Other Services,719000.0000,1
2015,Defense,MilitaryHealth,Other Services,5417489.0000,1
2010,Other Agencies,Interior,Other R&D and Knowledge Based,27949.5000,1
2014,Other Agencies,COMMODITY FUTURES TRADING COMMISSION,C4ISR,90383335.0000,5
2011,Other Agencies,CONSUMER PRODUCT SAFETY COMMISSION,C4ISR,69852.3984,2
2012,Other Agencies,NATIONAL GALLERY OF ART,Other R&D and Knowledge Based,4713145.0000,1
2013,DHS,FEMA,C4ISR,217798.0000,3
2014,Other Agencies,Justice,NULL,5227358.9691,4
2012,State and IAP,USAID,"Other Facilities, Construction, Manufacturing and Testing",42036995.6484,4
2013,Defense,Army,NULL,71559638.8169,15
2016,Defense,Air Force,Land,35000.0000,1
2007,Defense,Navy,Other R&D and Knowledge Based,69500000.0000,6
2009,Defense,Air Force,C4ISR,358533.9766,2
2010,Defense,DLA,Other Products,545446.4102,1
2010,Energy,Energy,"Other Facilities, Construction, Manufacturing and Testing",1938633.0000,1
2011,Defense,Navy,C4ISR,651135459.8570,348
2011,Other Agencies,Education,C4ISR,2898390.6289,3
2010,Other Agencies,Education,Other R&D and Knowledge Based,2785453.5000,2
2013,NASA,NASA,C4ISR,1334066990.1808,30
2014,HHS,HHS,Other R&D and Knowledge Based,577744681.7906,289
2014,State and IAP,MILLENNIUM CHALLENGE CORPORATION,Other R&D and Knowledge Based,67055.6562,1
2012,Defense,Army,C4ISR,1465689757.2378,365
2013,Other Agencies,Treasury,C4ISR,46655455.9835,49
2015,Defense,Army,Land,2006476020.0975,63
2016,Other Agencies,All other Customers,NULL,10539976.7959,21
2016,Other Agencies,VA,"Other Facilities, Construction, Manufacturing and Testing",403267456.3437,26
2010,Defense,Navy,NULL,73575932.0000,3
2011,NASA,NASA,Other R&D and Knowledge Based,15767334.9042,9
2015,Other Agencies,SMALL BUSINESS ADMINISTRATION,Other R&D and Knowledge Based,1697000.0000,2
2016,Other Agencies,Interior,"Other Facilities, Construction, Manufacturing and Testing",4783168.1018,11
2013,Defense,Air Force,Land,286224909.9394,4
2013,Other Agencies,Education,"Other Facilities, Construction, Manufacturing and Testing",1045295.0000,1
2014,Energy,Energy,Other Services,1990000.0000,1
2015,Other Agencies,Labor,"Other Facilities, Construction, Manufacturing and Testing",44310514.6035,28
2014,Defense,Air Force,Other Products,1897909.1953,2
2014,Energy,Energy,"Other Facilities, Construction, Manufacturing and Testing",358453492.1207,12
2011,DHS,CBP,C4ISR,19144756.9375,2
2016,DHS,OPO,Other R&D and Knowledge Based,46501561.7717,63
2015,HHS,HHS,C4ISR,1339597636.5367,124
2014,Defense,Army,Air,842693392.4045,182
2013,DHS,CBP,"Other Facilities, Construction, Manufacturing and Testing",1170615.1035,1
2014,Defense,Other DoD,"Weapons, Ammunition and Missiles",5323502.9924,9
2013,Other Agencies,CONSUMER PRODUCT SAFETY COMMISSION,C4ISR,982678.8126,1
2012,State and IAP,State,Other Products,96086.3614,2
2011,Other Agencies,Archives,C4ISR,64242.4102,2
2014,Other Agencies,VA,C4ISR,326909120.6195,70
2011,Other Agencies,Exec Office,Other R&D and Knowledge Based,53700.0000,1
2016,GSA,GSA,C4ISR,520997520.1622,34
2010,Defense,MilitaryHealth,Other R&D and Knowledge Based,1716250.0000,1
2014,Other Agencies,Interior,C4ISR,52161982.3662,28
2015,Defense,MDA,Land,2155404.3907,6
2016,DHS,COAST GUARD,Sea,554875.4610,2
2011,Other Agencies,HUD,Other R&D and Knowledge Based,2068210.8047,3
2015,Defense,Air Force,Other R&D and Knowledge Based,1082527629.9765,368
2015,Defense,Army,NULL,1077797080.9233,36
2014,Other Agencies,Education,C4ISR,63062514.2247,18
2014,GSA,GSA,Other Services,25911581.6487,27
2011,Defense,Air Force,NULL,210210.2422,3
2015,DHS,COAST GUARD,Air,3707220.0000,1
2015,Defense,Navy,C4ISR,5569752257.1241,999
2015,Defense,MDA,NULL,373404.0000,1
2013,Defense,Other DoD,Air,31151506.3744,48
2010,Defense,Army,"Weapons, Ammunition and Missiles",10746643.1953,6
2012,Defense,Army,Space,6466974.4746,1
2015,Defense,DLA,NULL,36666010.8546,179
2015,Other Agencies,Commerce,"Other Facilities, Construction, Manufacturing and Testing",2239543.0000,6
2015,DHS,CBP,"Other Facilities, Construction, Manufacturing and Testing",4194915.7622,2
2015,Other Agencies,All other Customers,Other Products,177684.5156,1
2011,Defense,Other DoD,C4ISR,206454397.2683,151
2011,Other Agencies,BROADCASTING BOARD OF GOVERNORS,Other R&D and Knowledge Based,132800.0000,1
2013,HHS,HHS,C4ISR,1426053870.4613,78
2015,Other Agencies,EPA,"Other Facilities, Construction, Manufacturing and Testing",34709008.8750,68
2011,GSA,GSA,Other R&D and Knowledge Based,311406685.6609,19
2012,Other Agencies,EPA,Other Services,26500.0000,1
2012,State and IAP,USAID,Other Services,108230.6406,1
2014,DHS,COAST GUARD,Sea,1294092.5196,2
2015,Defense,DLA,Land,9154346.0049,68
2013,Other Agencies,Justice,NULL,148047.1250,1
2010,Other Agencies,EPA,Other R&D and Knowledge Based,419195.0000,2
2015,Other Agencies,Interior,"Other Facilities, Construction, Manufacturing and Testing",20951679.1369,36
2012,DHS,ICE,Other Products,116160.0000,1
2009,Defense,Navy,NULL,1000000.0000,1
2009,Defense,Navy,Other R&D and Knowledge Based,37360127.0000,9
2012,Other Agencies,Labor,Other R&D and Knowledge Based,9834447.5156,13
2015,DHS,TSA,Other Services,1079238.3752,3
2014,Other Agencies,Archives,"Other Facilities, Construction, Manufacturing and Testing",729104.0000,3
2012,Defense,Air Force,Land,1175970.1914,16
2013,Other Agencies,NATIONAL GALLERY OF ART,C4ISR,27290.7598,1
2014,Defense,Air Force,NULL,595200.5586,3
2015,DHS,CBP,Air,62000.0000,1
2016,Defense,Other DoD,Land,460230.3204,1
2014,Other Agencies,SECURITIES AND EXCHANGE COMMISSION,C4ISR,6351965.0000,2
2011,State and IAP,State,Other Products,149226.0000,1
2010,NASA,NASA,Other R&D and Knowledge Based,23855426.0000,1
2015,Defense,Army,Air,1312727587.0918,143
2015,DHS,OPO,Other R&D and Knowledge Based,38152744.0979,80
2014,Other Agencies,EPA,"Other Facilities, Construction, Manufacturing and Testing",37711687.6217,53
2015,Defense,Other DoD,NULL,9188842.5940,9
2006,Defense,Army,C4ISR,611991630.1289,10
2013,DHS,TSA,Other Services,592010.7500,2
2015,Other Agencies,Agriculture,NULL,599461.7814,2
2013,Other Agencies,Education,C4ISR,6410417.0938,6
2015,DHS,COAST GUARD,"Other Facilities, Construction, Manufacturing and Testing",45969866.9806,10
2014,Defense,Air Force,Other R&D and Knowledge Based,774622067.7234,290
2015,Defense,DLA,Other Products,301903329.9352,1210
2012,Other Agencies,Treasury,Other Services,1902721.9063,1
2015,Defense,Army,Other Products,79771010.2783,12
2015,Energy,Energy,"Other Facilities, Construction, Manufacturing and Testing",275378405.0838,12
2011,Defense,MilitaryHealth,Other R&D and Knowledge Based,72693.0000,1
2015,DHS,COAST GUARD,Sea,582859.5763,5
2013,DHS,TSA,C4ISR,7131323.3008,4
2015,GSA,GSA,C4ISR,508096319.6894,71
2012,NASA,NASA,Other Services,25193.1406,1
2013,Other Agencies,Transportation,NULL,254280.0000,2
2012,Other Agencies,NUCLEAR REGULATORY COMMISSION,"Other Facilities, Construction, Manufacturing and Testing",80561.0000,1
2014,Defense,Army,Land,1829884178.6026,96
2011,Defense,Army,"Weapons, Ammunition and Missiles",225748220.4247,18
2012,Other Agencies,EPA,"Other Facilities, Construction, Manufacturing and Testing",26391308.4318,44
2014,Defense,Navy,C4ISR,2601970456.5732,985
2013,State and IAP,State,Other Products,219956.0000,1
2010,Defense,Other DoD,C4ISR,23640853.4844,12
2014,DHS,CBP,"Other Facilities, Construction, Manufacturing and Testing",8266063.6876,3
2016,Defense,Army,Other R&D and Knowledge Based,421166112.2277,229
2015,Other Agencies,VA,Other Services,1901536.5000,3
2016,Defense,MilitaryHealth,C4ISR,3905897.8300,4
2015,Other Agencies,Transportation,Other R&D and Knowledge Based,59186896.3965,82
2013,DHS,ICE,Other R&D and Knowledge Based,3260686.4727,7
2016,HHS,HHS,Other Services,31868132.0000,14
2016,Defense,DLA,Other R&D and Knowledge Based,12273177.2708,4
2010,GSA,GSA,Other R&D and Knowledge Based,1849135.0000,3
2013,DHS,COAST GUARD,"Other Facilities, Construction, Manufacturing and Testing",17372286.3086,14
2011,Defense,DLA,"Weapons, Ammunition and Missiles",2544776.6529,17
2011,DHS,Other DHS,Other R&D and Knowledge Based,1134256.8750,1
2014,DHS,FEMA,Other R&D and Knowledge Based,19039640.1898,12
2012,NASA,NASA,Other R&D and Knowledge Based,33705378.8108,21
2016,Defense,Navy,Other Services,23406330.9381,6
2013,Other Agencies,VA,C4ISR,70158679.0942,58
2016,State and IAP,NULL,Other R&D and Knowledge Based,346966.0000,1
2010,DHS,CBP,C4ISR,30352802.0000,1
2013,Other Agencies,Interior,C4ISR,29352152.2246,11
2013,Other Agencies,EPA,C4ISR,72121646.5449,8
2014,Defense,DLA,Land,24381336.4787,90
2014,GSA,GSA,"Other Facilities, Construction, Manufacturing and Testing",83211780.7518,90
2014,Defense,MDA,Land,103857.7188,1
2016,Other Agencies,SECURITIES AND EXCHANGE COMMISSION,C4ISR,416833.4688,3
2014,DHS,COAST GUARD,"Other Facilities, Construction, Manufacturing and Testing",35578668.3281,15
2014,Other Agencies,EPA,C4ISR,77865121.0143,21
2012,Other Agencies,Education,C4ISR,21250846.6875,7
2014,DHS,TSA,Other Services,365000.0000,1
2016,Other Agencies,Agriculture,NULL,12451566.3360,7
2012,Other Agencies,Interior,C4ISR,4017164.9239,13
2013,State and IAP,State,NULL,-13322.5298,1
2016,Other Agencies,Transportation,Other R&D and Knowledge Based,114174682.2708,47
2014,Defense,DLA,Other Products,7528583273.9380,1773
2013,Other Agencies,VA,Land,116400.0000,1
2013,Other Agencies,Interior,Other Products,624310.0000,1
2013,Defense,Air Force,"Weapons, Ammunition and Missiles",311547982.9567,57
2012,Other Agencies,Comptroller,Other R&D and Knowledge Based,300000.0000,1
2011,DHS,OPO,"Other Facilities, Construction, Manufacturing and Testing",147333.0000,2
2015,Defense,Navy,NULL,877989453.9604,93
2011,Defense,Navy,Sea,43042783.6124,52
2010,NASA,NASA,Space,979069.0000,3
2013,Energy,Energy,Other Products,25492.6504,1
2013,Other Agencies,Interior,Other R&D and Knowledge Based,12405569.0762,47
2012,Other Agencies,Justice,Other Services,12726713.0000,1
2016,Defense,Other DoD,"Other Facilities, Construction, Manufacturing and Testing",9128665.5040,18
2011,Other Agencies,Interior,NULL,1141203.7109,6
2014,NASA,NASA,"Weapons, Ammunition and Missiles",50213910.7607,6
2012,Other Agencies,All other Customers,"Other Facilities, Construction, Manufacturing and Testing",2129720.8869,12
2013,Other Agencies,Justice,C4ISR,67561161.8399,25
2015,Defense,Air Force,Space,29974995.9731,5
2014,GSA,GSA,Air,39359.8594,1
2008,Defense,Navy,C4ISR,28798487.4688,5
2016,Other Agencies,EPA,NULL,414539421.6340,30
2014,Other Agencies,Agriculture,C4ISR,396299974.6079,44
2011,Defense,Other DoD,Other R&D and Knowledge Based,188868629.8250,105
2014,DHS,COAST GUARD,Other R&D and Knowledge Based,419588.0000,2
2011,DHS,ICE,C4ISR,1531706.2188,4
2013,Defense,Air Force,C4ISR,5168883691.7823,436
2015,Other Agencies,OFFICE OF PERSONNEL MANAGEMENT,NULL,2030891.5000,1
2014,Other Agencies,VA,NULL,9500000.0000,1
2015,Other Agencies,Transportation,C4ISR,22705664.3167,19
2013,DHS,ICE,"Other Facilities, Construction, Manufacturing and Testing",32000.0000,1
2011,DHS,CBP,Other R&D and Knowledge Based,33299.8398,1
2012,DHS,ICE,"Weapons, Ammunition and Missiles",149394.8008,2
2014,Other Agencies,Interior,Other R&D and Knowledge Based,25600395.3613,71
2016,GSA,GSA,Other R&D and Knowledge Based,1107813137.9020,18
2015,Other Agencies,Commerce,Other R&D and Knowledge Based,19576900.3908,26
2010,DHS,Other DHS,C4ISR,5918025.9063,1
2016,Defense,DLA,C4ISR,126596250.0028,57
2015,Other Agencies,Agriculture,"Other Facilities, Construction, Manufacturing and Testing",4918524.3672,3
2012,Other Agencies,Interior,NULL,308907.9496,4
2014,Other Agencies,All other Customers,C4ISR,480928794.2203,55
2013,Other Agencies,VA,NULL,11684556.3403,4
2014,Other Agencies,SMALL BUSINESS ADMINISTRATION,C4ISR,4557617.1250,2
2015,Defense,Other DoD,"Weapons, Ammunition and Missiles",27938567.7697,14
2014,Defense,Navy,NULL,146613011.3593,7
2011,HHS,HHS,Other Products,1170517.0000,2
2011,GSA,GSA,C4ISR,159650926.6382,36
2016,State and IAP,USAID,Other Services,32045114.7815,3
2015,Other Agencies,NATIONAL SCIENCE FOUNDATION,Other R&D and Knowledge Based,65776888.0315,6
2015,Other Agencies,Interior,Other Services,30000.0000,1
2014,Other Agencies,FEDERAL ELECTION COMMISSION,C4ISR,12342124.0000,1
2014,NASA,NASA,Other R&D and Knowledge Based,1924931595.7536,36
2014,Other Agencies,HUD,C4ISR,4326399.0000,2
2014,Defense,Other DoD,C4ISR,1615122212.8935,324
2011,Other Agencies,Agriculture,Other R&D and Knowledge Based,18394957.4922,7
2013,Other Agencies,Labor,Other R&D and Knowledge Based,16109786.3320,24
2012,Other Agencies,Archives,"Other Facilities, Construction, Manufacturing and Testing",67151.1392,2
2014,GSA,GSA,Other R&D and Knowledge Based,246681438.4290,44
2016,Defense,Other DoD,Air,55445992.1256,31
2015,NASA,NASA,Space,12795051634.6025,61
2015,Defense,Navy,Space,317203118.6747,9
2016,DHS,COAST GUARD,Other Services,3889391.4063,2
2010,Defense,Air Force,"Other Facilities, Construction, Manufacturing and Testing",13846971.9843,9
2011,Defense,DLA,Air,10058643.5643,102
2013,Defense,Navy,C4ISR,906251565.4140,812
2011,Defense,Army,NULL,2005136.0000,1
2009,HHS,HHS,C4ISR,78240.0000,1
2010,Defense,Air Force,Other Services,23193321.0001,2
2016,DHS,COAST GUARD,"Other Facilities, Construction, Manufacturing and Testing",4633850.9230,7
2014,State and IAP,State,Other Products,28841.0000,1
2015,Energy,Energy,Other Services,3035980.0000,1
2013,Defense,MilitaryHealth,Other Services,7165125.5000,1
2012,Other Agencies,Exec Office,C4ISR,851296.0704,2
2016,Other Agencies,COMMODITY FUTURES TRADING COMMISSION,C4ISR,39656319.0000,5
2016,Other Agencies,Archives,C4ISR,795164.5001,2
2010,Defense,DLA,Land,177834.0000,1
2014,DHS,COAST GUARD,Air,79190.7969,1
2015,NASA,NASA,C4ISR,343699266.4840,32
2010,Other Agencies,VA,Other R&D and Knowledge Based,8565001.5938,3
2006,Defense,Army,Other R&D and Knowledge Based,33156004.0000,1
2011,Defense,MDA,C4ISR,14726763.2971,7
2012,GSA,GSA,NULL,38830.0000,2
2016,Defense,Navy,"Other Facilities, Construction, Manufacturing and Testing",2729123892.8039,286
2013,Other Agencies,BROADCASTING BOARD OF GOVERNORS,C4ISR,79121.0000,1
2015,DHS,OPO,C4ISR,10308301.7222,26
2012,NASA,NASA,"Other Facilities, Construction, Manufacturing and Testing",232687907.2871,13
2016,Other Agencies,Labor,NULL,33184766.6562,12
2014,Defense,Navy,"Weapons, Ammunition and Missiles",6795247065.3500,50
2013,Defense,Air Force,Space,17890220.5195,3
2016,NASA,NASA,"Weapons, Ammunition and Missiles",4099258.0000,2
2015,Defense,Army,"Weapons, Ammunition and Missiles",7800238516.0111,71
2016,Defense,Navy,Sea,791212536.3492,86
2010,Other Agencies,SMALL BUSINESS ADMINISTRATION,Other R&D and Knowledge Based,270000.0000,1
2015,State and IAP,OVERSEAS PRIVATE INVESTMENT CORPORATION,Other R&D and Knowledge Based,367500.0000,1
2012,HHS,HHS,Other R&D and Knowledge Based,587296868.4738,198
2013,Other Agencies,EPA,Other R&D and Knowledge Based,6132108.2373,41
2010,DHS,CBP,Other R&D and Knowledge Based,264998.3984,1
2011,Other Agencies,Justice,Other R&D and Knowledge Based,13154135.2500,6
2012,Defense,Air Force,"Weapons, Ammunition and Missiles",116624183.6311,33
2014,DHS,TSA,Other R&D and Knowledge Based,7247096.0704,2
2016,HHS,HHS,"Other Facilities, Construction, Manufacturing and Testing",866040317.5666,19
2016,Other Agencies,Treasury,NULL,5997968.3908,6
