fiscal_year,EntitySizeCode,EntitySizeText,EntityCategory,AnyEntityUSplaceOfPerformance,IsEntityAbove1990constantReportingThreshold,IsEntityAbove2016constantReportingThreshold,EntityCount,AllContractor,SumOfNumberOfActions,SumOfObligatedAmount
2009,S,Always Small Vendor,PDuns,0,0,0,14706,14738,39398,35646823.9648
2015,L,Large Vendor,PID,NULL,1,1,3,3,0,0.0000
2002,U,Unlabeled Vendor,Name,0,0,1,2,1,2,8481.0000
1998,N,Sometimes Small Vendor,PDuns,NULL,1,1,2399,4208,44162,8436584017.0000
2006,S,Always Small Vendor,PID,NULL,0,0,5,5,3,3766.6299
2001,N,Sometimes Small Vendor,PDuns,NULL,1,1,23,23,36,9144278.9798
2015,U,Unlabeled Vendor,Duns,0,0,1,1,1,1,7078.5400
1995,B,Big Five,PDuns,NULL,1,1,5,46,375,146771861.0000
2001,M,Medium Vendor,PDuns,0,0,0,558,558,1038,-8219500.2499
2007,N,Sometimes Small Vendor,Duns,0,1,1,8,4,574811,8480319889.5358
2008,S,Always Small Vendor,Duns,1,1,1,9,2,24,1193965.0601
2010,S,Always Small Vendor,PDuns,0,0,1,30569,30678,81736,336930318.6076
2011,S,Always Small Vendor,PDuns,1,0,0,45,45,60,18839.9803
1989,N,Sometimes Small Vendor,PID,NULL,1,1,1,1,NULL,1097000.0000
2006,N,Sometimes Small Vendor,PID,0,1,1,1062,1062,679506,49733644317.7854
2008,N,Sometimes Small Vendor,Duns,0,1,1,6,4,320301,10560626905.0532
2000,M,Medium Vendor,PDuns,0,0,0,611,612,997,-16616048.5200
2005,U,Unlabeled Vendor,Duns,0,1,1,61,2,117,107014410.9136
2014,M,Medium Vendor,PDuns,0,0,1,3981,4041,8326,119693554.2300
2012,S,Always Small Vendor,PDuns,0,0,0,10632,10637,29696,18853349.6957
2007,J,Large: Big 5 JV,PID,0,1,1,9,9,1003,5887611731.6476
2010,M,Medium Vendor,PDuns,1,0,0,848,848,1635,2346205.2502
2012,B,Big Five,PID,0,1,1,5,5,78503,110026476571.0194
2000,M,Medium Vendor,PDuns,NULL,0,1,34,34,31,584891.4112
2007,L,Large Vendor,PDuns,0,0,0,2,7,61,1728691.7090
2008,N,Sometimes Small Vendor,PDuns,1,0,1,75,76,370,1355569.2399
2010,M,Medium Vendor,Duns,1,0,1,2,2,2,19883.5000
2003,S,Always Small Vendor,Name,0,1,1,19,3,24,1556403.0000
2008,L,Large Vendor,PDuns,0,0,1,3,7,221,28948183.0793
2001,M,Medium Vendor,PDuns,NULL,0,1,27,27,21,284815.4606
2000,M,Medium Vendor,PID,1,0,1,1,1,1,27000.0000
2007,N,Sometimes Small Vendor,PID,0,1,1,1057,1057,1217196,54996848382.9086
1992,N,Sometimes Small Vendor,PID,NULL,1,1,143,143,1,8026607760.0000
1994,M,Medium Vendor,PID,NULL,1,1,259,259,9728,8644031416.0000
2000,L,Large Vendor,PID,0,0,0,1,1,1,874414.0000
2012,L,Large Vendor,PDuns,0,1,1,83,806,40096,1593060673.7195
2012,M,Medium Vendor,Duns,NULL,0,0,3,3,0,0.0000
2000,N,Sometimes Small Vendor,PDuns,NULL,0,0,6,6,2,51805.0000
1997,S,Always Small Vendor,PID,NULL,1,1,297,297,4173,1405960742.0000
2004,N,Sometimes Small Vendor,PDuns,NULL,0,0,58,59,163,105729.1299
1997,L,Large Vendor,PDuns,NULL,1,1,63,235,2752,801082642.0000
2001,U,Unlabeled Vendor,Duns,NULL,1,1,1,1,33,10422723.0000
2003,N,Sometimes Small Vendor,Duns,NULL,1,1,1,1,317,10596.0000
2015,N,Sometimes Small Vendor,PDuns,0,0,0,239,241,1594,1024153.7800
2014,M,Medium Vendor,PDuns,1,1,1,4948,5765,87771,5147317773.1205
2008,U,Unlabeled Vendor,Duns,0,1,1,7,3,21,946519.4478
2003,M,Medium Vendor,Duns,0,1,1,1,1,1,1309233.0000
2011,N,Sometimes Small Vendor,PID,0,0,1,11,11,90,162437.5205
2003,S,Always Small Vendor,Duns,1,0,0,7,2,9,4477.0000
2009,M,Medium Vendor,Duns,1,1,1,1,1,1,31063.1504
2008,S,Always Small Vendor,PDuns,NULL,1,1,3676,3678,60,212182548.7227
2002,L,Large Vendor,PDuns,1,1,1,3,19,583,219439823.0938
2008,U,Unlabeled Vendor,Name,0,0,1,1,1,1,-596.2500
2006,U,Unlabeled Vendor,Duns,1,0,1,24,1,67,430080.3789
2016,N,Sometimes Small Vendor,PID,0,1,1,598,598,301906,30745480764.8291
2007,M,Medium Vendor,PDuns,1,0,0,896,896,1772,1723487.5490
2001,S,Always Small Vendor,PID,1,0,1,1,1,1,5000.0000
1991,M,Medium Vendor,PDuns,NULL,1,1,2940,25154,NULL,28008119876.0000
2004,J,Large: Big 5 JV,PID,0,1,1,8,8,393,3941835278.0313
2003,M,Medium Vendor,PDuns,1,0,0,209,209,729,-7809833.1397
2004,S,Always Small Vendor,Duns,0,0,0,57,2,72,54856.8499
2016,S,Always Small Vendor,PDuns,1,0,1,74,74,129,489863.9297
2015,M,Medium Vendor,PID,NULL,1,1,9,9,9,6781478.3100
2002,S,Always Small Vendor,Duns,0,1,1,1,1,1,25000.0000
2002,M,Medium Vendor,PID,0,1,1,492,492,15577,16199159014.0717
2016,M,Medium Vendor,PID,0,1,1,494,494,1945989,31442841529.0884
2009,S,Always Small Vendor,PDuns,NULL,0,1,211,211,4,936110.3597
1994,S,Always Small Vendor,PDuns,NULL,0,0,217,218,315,-22773286.0000
2001,S,Always Small Vendor,PDuns,0,0,1,8658,8672,18509,237884128.9181
2010,S,Always Small Vendor,PID,NULL,1,1,20,20,0,10719335.6250
1993,S,Always Small Vendor,PID,NULL,1,1,136,136,11,877577789.0000
2008,U,Unlabeled Vendor,Name,1,1,1,2,1,4,235866.7617
2005,M,Medium Vendor,PDuns,0,0,1,5210,5316,22977,166535446.9655
2015,B,Big Five,PDuns,0,1,1,9,57,1648,57663606.3400
2014,L,Large Vendor,PID,0,0,1,1,1,4,11645.3000
2001,J,Large: Big 5 JV,PID,1,1,1,2,2,20,78746705.0000
1996,L,Large Vendor,Duns,NULL,1,1,1,1,72,72276628.0000
2005,M,Medium Vendor,PID,1,1,1,55,55,1474,2237174042.3247
2005,N,Sometimes Small Vendor,PDuns,NULL,1,1,86,87,347,8944589.9927
1990,N,Sometimes Small Vendor,PDuns,NULL,0,0,16,16,NULL,-16815000.0000
1994,J,Large: Big 5 JV,PID,NULL,1,1,1,1,20,248145948.0000
2006,L,Large Vendor,PID,0,0,0,1,1,1,-10191.7402
2008,S,Always Small Vendor,Duns,0,0,1,28,3,38,199771.3608
2007,M,Medium Vendor,PDuns,0,1,1,10877,12198,723080,17698338529.0382
2009,N,Sometimes Small Vendor,PDuns,0,1,1,14955,23413,1533681,52196121804.2449
2004,S,Always Small Vendor,PDuns,NULL,0,0,4074,4077,14625,5446129.2016
2012,N,Sometimes Small Vendor,PDuns,1,0,1,25,25,98,454137.1004
1989,N,Sometimes Small Vendor,PDuns,NULL,1,1,22,31,NULL,63842000.0000
2004,M,Medium Vendor,PDuns,1,0,1,1834,1838,5459,42929891.6538
1995,S,Always Small Vendor,PDuns,NULL,1,1,16405,16490,59904,12192522459.0000
2011,N,Sometimes Small Vendor,PDuns,0,0,0,491,505,4148,2700143.5391
2011,M,Medium Vendor,PID,1,0,0,3,3,3,4145.8201
2011,L,Large Vendor,PDuns,1,1,1,3,16,204,18755954.4222
2000,M,Medium Vendor,PID,0,0,0,32,32,42,-668217.0000
2002,J,Large: Big 5 JV,PID,0,1,1,5,5,139,1783959205.0000
2003,S,Always Small Vendor,PDuns,1,0,1,77,77,123,2271778.0000
2010,N,Sometimes Small Vendor,PDuns,NULL,1,1,51,52,0,4487928.9552
2007,S,Always Small Vendor,Name,0,1,1,5,2,5,140948.8001
2005,S,Always Small Vendor,PID,0,1,1,416,416,10428,5156128921.1580
2009,S,Always Small Vendor,PID,0,0,0,27,27,47,31311.8799
1998,S,Always Small Vendor,PID,NULL,0,1,6,6,6,168219.0000
1989,B,Big Five,PID,NULL,1,1,5,5,NULL,79809000.0000
2012,M,Medium Vendor,Duns,1,0,0,4,4,4,124.8899
2004,N,Sometimes Small Vendor,Duns,1,1,1,1,1,3,51673.1602
1998,NULL,NULL,PDuns,NULL,NULL,NULL,1,1,2,430215.0000
2011,N,Sometimes Small Vendor,PDuns,NULL,0,1,3,3,0,16000.0000
2007,S,Always Small Vendor,PID,0,0,0,29,29,122,104048.6702
2000,M,Medium Vendor,PDuns,1,0,1,487,487,556,13968698.0000
2012,U,Unlabeled Vendor,Duns,0,0,1,1,1,11,14188.0000
2003,S,Always Small Vendor,PID,NULL,1,1,16,16,1,33036.5117
2001,M,Medium Vendor,PID,0,0,1,23,23,44,559599.7600
2002,N,Sometimes Small Vendor,PDuns,1,0,0,2,2,7,3219.0000
2005,N,Sometimes Small Vendor,PDuns,1,1,1,93,94,1170,137859914.0226
2005,M,Medium Vendor,PID,0,0,1,38,38,106,770061.1607
2015,S,Always Small Vendor,PDuns,NULL,0,0,1455,1455,0,13468.2400
2005,M,Medium Vendor,PID,NULL,1,1,11,11,5,46150341.0000
2007,U,Unlabeled Vendor,Name,0,1,1,15,3,33,1193108.9910
2011,S,Always Small Vendor,PDuns,0,1,1,67831,68514,1278542,48224791936.0264
2014,N,Sometimes Small Vendor,PID,0,0,1,6,6,42,92644.6300
2007,N,Sometimes Small Vendor,Duns,0,0,1,1,1,3,11791.0796
2009,B,Big Five,PDuns,0,1,1,5,7,122,24980942.7672
2014,L,Large Vendor,PID,1,1,1,23,23,15684,3379850894.0900
2010,N,Sometimes Small Vendor,PID,0,0,0,1,1,1,14457.0000
2006,S,Always Small Vendor,Name,0,0,0,204,3,310,-36618.5898
2013,S,Always Small Vendor,Duns,1,0,1,1,1,2,4500.0000
2012,S,Always Small Vendor,PDuns,1,0,1,130,130,268,1532868.0565
2013,N,Sometimes Small Vendor,PID,0,0,0,2,2,23,10518.9700
2004,B,Big Five,PDuns,0,0,0,1,1,4,-198830.0000
2011,N,Sometimes Small Vendor,PID,1,1,1,1,1,4,33563197.0000
2009,S,Always Small Vendor,PDuns,1,0,1,247,247,359,1550122.2043
1991,N,Sometimes Small Vendor,PDuns,NULL,0,1,1,2,NULL,-1282000.0000
2006,B,Big Five,PID,0,1,1,5,5,67030,95686411905.9923
1992,N,Sometimes Small Vendor,PDuns,NULL,0,1,2,3,NULL,1194956.0000
2010,M,Medium Vendor,Duns,1,1,1,4,4,5,1751027.2988
1988,B,Big Five,PID,NULL,1,1,2,2,NULL,694000.0000
2008,L,Large Vendor,PDuns,1,1,1,3,9,347,81147934.5811
2009,S,Always Small Vendor,Duns,0,0,0,9,2,9,-1997.7500
2016,M,Medium Vendor,PDuns,1,0,0,268,270,907,-1676714.9731
2003,L,Large Vendor,PID,0,0,0,4,4,6,-8153681.0000
1990,N,Sometimes Small Vendor,PID,NULL,1,1,109,109,NULL,4833639734.0000
2002,U,Unlabeled Vendor,Name,1,1,1,3,1,3,178974.0000
2004,M,Medium Vendor,PDuns,NULL,0,1,324,324,499,2659598.2694
2015,M,Medium Vendor,PDuns,0,1,1,12570,15175,1336648,23170856056.6201
2006,S,Always Small Vendor,PDuns,0,1,1,50734,51439,1554764,38805206095.7234
2013,NULL,NULL,PID,NULL,NULL,NULL,1,1,1,-3380.3300
2006,N,Sometimes Small Vendor,Name,0,1,1,10,1,54,562474.9681
2005,S,Always Small Vendor,PDuns,1,1,1,166,166,382,62838378.8260
2014,S,Always Small Vendor,PID,NULL,0,0,3,3,0,0.0000
2010,M,Medium Vendor,PDuns,0,1,1,13888,15930,882604,26388411391.5983
2001,N,Sometimes Small Vendor,PID,0,0,0,1,1,3,5000.0000
2004,M,Medium Vendor,PDuns,0,0,0,2515,2523,6967,1380674.0521
2011,S,Always Small Vendor,PDuns,NULL,0,0,2467,2467,0,-171446.4701
2000,L,Large Vendor,Duns,1,1,1,1,1,106,83847569.0000
1988,M,Medium Vendor,PDuns,NULL,1,1,10,10,NULL,575000.0000
1989,M,Medium Vendor,PID,NULL,0,0,1,1,NULL,-595000.0000
2014,N,Sometimes Small Vendor,PDuns,NULL,0,0,9,11,0,0.0000
2015,U,Unlabeled Vendor,Duns,0,1,1,4,3,16164,199707549.7600
2001,N,Sometimes Small Vendor,Name,0,1,1,1,1,894,149606000.0000
1993,N,Sometimes Small Vendor,PID,NULL,1,1,155,155,106,9023170999.0000
1988,S,Always Small Vendor,PDuns,NULL,1,1,5,5,NULL,2159000.0000
2011,M,Medium Vendor,Duns,1,1,1,10,10,15,1508892.7306
2005,S,Always Small Vendor,Duns,1,1,1,3,1,6,36440.0000
2010,S,Always Small Vendor,PDuns,1,1,1,382,382,770,113657585.0401
2009,N,Sometimes Small Vendor,PID,NULL,1,1,1,1,0,0.0000
2006,N,Sometimes Small Vendor,PID,0,0,1,21,21,250,541804.5913
2000,S,Always Small Vendor,PDuns,1,0,1,98,98,111,2757239.0000
1990,S,Always Small Vendor,PID,NULL,1,1,70,70,NULL,854098000.0000
2004,M,Medium Vendor,Duns,0,1,1,1,1,1,1727149.0000
2001,U,Unlabeled Vendor,Duns,0,0,0,1,1,0,0.0000
2010,M,Medium Vendor,PID,NULL,0,0,2,2,0,0.0000
1991,B,Big Five,PDuns,NULL,1,1,2,16,NULL,313791000.0000
2008,M,Medium Vendor,PID,NULL,1,1,9,9,0,712578.9707
2011,S,Always Small Vendor,Duns,0,0,0,1,1,1,-2926.0000
2010,S,Always Small Vendor,PID,0,0,0,14,14,20,-2978.9299
2003,S,Always Small Vendor,Duns,NULL,0,0,2,2,1,0.0000
2001,N,Sometimes Small Vendor,PDuns,1,1,1,25,29,741,77541950.0000
2013,L,Large Vendor,PID,1,1,1,25,25,17666,6185415025.4100
2003,M,Medium Vendor,PID,0,1,1,536,536,21462,12586147291.1155
2016,U,Unlabeled Vendor,Name,0,0,1,1,1,1,0.0000
2013,M,Medium Vendor,PDuns,NULL,0,0,523,524,0,6814.3900
1991,S,Always Small Vendor,PID,NULL,1,1,111,111,NULL,1077662461.0000
2002,N,Sometimes Small Vendor,PDuns,0,1,1,5216,7928,147305,22039083547.2443
2002,S,Always Small Vendor,PDuns,1,1,1,122,122,167,14885033.0000
1990,M,Medium Vendor,PID,NULL,0,0,1,1,NULL,-1137000.0000
1992,J,Large: Big 5 JV,PID,NULL,1,1,3,3,NULL,609360462.0000
2007,S,Always Small Vendor,PID,NULL,0,1,1,1,0,3000.0000
1997,M,Medium Vendor,PDuns,NULL,0,0,49,49,74,-2792924.0000
2013,M,Medium Vendor,Duns,NULL,0,1,2,2,0,19855.3900
2007,N,Sometimes Small Vendor,Name,0,0,1,1,1,2,20453.6402
1999,S,Always Small Vendor,PDuns,NULL,1,1,16574,16903,63056,11785488539.0000
2013,M,Medium Vendor,Duns,0,0,0,5,5,6,-2589.9500
2004,L,Large Vendor,PID,1,1,1,17,17,1147,1253953003.0524
1999,S,Always Small Vendor,PID,NULL,1,1,384,384,4484,1507712992.0000
1995,L,Large Vendor,PID,NULL,1,1,133,133,39364,36163707912.0000
2012,M,Medium Vendor,PID,1,0,0,11,11,15,145444.6902
2010,U,Unlabeled Vendor,Duns,0,0,0,1,1,2,0.0000
2001,L,Large Vendor,PID,1,1,1,18,18,1130,921702602.6309
2014,M,Medium Vendor,PDuns,NULL,1,1,1378,1394,363,181088048.2200
2006,M,Medium Vendor,PID,1,0,0,2,2,3,1950.0000
1989,M,Medium Vendor,PDuns,NULL,0,1,1,1,NULL,44000.0000
2009,M,Medium Vendor,PDuns,0,1,1,12860,14921,802480,25380333364.6611
2000,S,Always Small Vendor,PDuns,NULL,1,1,762,762,101,6887376.0081
2007,L,Large Vendor,PID,1,1,1,17,17,5902,4886895902.3979
1989,B,Big Five,PDuns,NULL,1,1,4,5,NULL,112109000.0000
2010,M,Medium Vendor,PID,0,0,1,31,31,89,76818.5909
2014,L,Large Vendor,Duns,1,1,1,1,1,4900,259753201.7800
2016,U,Unlabeled Vendor,Duns,0,0,1,1,1,1,12063.0000
2002,M,Medium Vendor,PDuns,1,0,1,938,939,2402,28189096.0000
1990,S,Always Small Vendor,PDuns,NULL,0,1,13,13,NULL,941000.0000
1997,M,Medium Vendor,PID,NULL,0,1,1,1,1,27960.0000
2006,U,Unlabeled Vendor,Name,1,0,1,22,1,75,410261.9477
2015,M,Medium Vendor,PDuns,1,0,0,288,289,671,-669414.3800
2006,S,Always Small Vendor,PDuns,1,0,0,114,114,212,338757.2498
2002,U,Unlabeled Vendor,Duns,NULL,0,0,1,1,0,0.0000
2008,S,Always Small Vendor,PDuns,1,1,1,491,491,1204,112821339.3466
2012,M,Medium Vendor,PDuns,NULL,0,1,40,40,3,120486.0304
2007,U,Unlabeled Vendor,Name,0,0,1,5,2,5,11147.2099
2011,M,Medium Vendor,PDuns,0,1,1,14779,17390,1114400,23696827180.0645
2002,S,Always Small Vendor,PID,1,1,1,3,3,5,2579000.0000
2010,S,Always Small Vendor,PDuns,NULL,1,1,3980,3993,154,224209067.6217
2001,B,Big Five,PDuns,0,1,1,4,38,636,157041244.0000
2011,M,Medium Vendor,PID,0,1,1,593,593,45970,30637008003.5899
2008,L,Large Vendor,PID,0,1,1,251,251,868471,177743816247.9975
2005,L,Large Vendor,Duns,1,1,1,1,1,13613,245023010.0000
2006,M,Medium Vendor,PID,0,1,1,424,424,27636,17989299382.4042
2003,S,Always Small Vendor,PDuns,NULL,0,1,85,85,51,427286.9108
2012,M,Medium Vendor,Duns,0,1,1,4,4,5,301542.6953
2011,L,Large Vendor,PDuns,0,0,1,1,52,1558,69013483.7803
2003,U,Unlabeled Vendor,Name,0,0,1,26,2,58,361511.8106
1994,S,Always Small Vendor,PID,NULL,0,0,1,1,1,39233.0000
2005,L,Large Vendor,PDuns,0,0,0,2,8,666,6941400.9405
2003,S,Always Small Vendor,PDuns,0,0,0,8402,8404,17403,12808366.4781
1996,B,Big Five,PID,NULL,1,1,6,6,12735,22106720317.0000
2016,M,Medium Vendor,PDuns,0,1,1,13399,16063,2452254,26113268533.5357
2009,S,Always Small Vendor,PID,1,0,1,1,1,1,4725.0000
2002,S,Always Small Vendor,PID,0,0,0,13,13,17,-16872.0000
2008,M,Medium Vendor,PID,1,1,1,69,69,10474,3872785352.9756
2015,S,Always Small Vendor,PID,0,1,1,218,218,10623,2758649835.2188
2006,M,Medium Vendor,PDuns,1,0,1,2278,2288,7372,48243489.5814
1999,U,Unlabeled Vendor,Duns,NULL,1,1,1,1,22,8184964.0000
2012,S,Always Small Vendor,PID,1,0,0,1,1,2,0.0000
2005,B,Big Five,PID,0,1,1,5,5,65861,81778683987.2320
2005,N,Sometimes Small Vendor,PDuns,0,0,1,3390,3665,42760,142126926.0448
2001,S,Always Small Vendor,PID,0,0,0,16,16,27,9311.2000
1996,L,Large Vendor,PDuns,NULL,1,1,56,295,3534,1069469323.0000
2012,M,Medium Vendor,PDuns,0,0,0,2675,2711,5515,21013644.2339
1995,S,Always Small Vendor,PID,NULL,1,1,174,174,2821,851301440.0000
2011,L,Large Vendor,PID,1,1,1,19,19,1664,4356942129.4179
1996,M,Medium Vendor,PDuns,NULL,0,1,427,428,453,11804286.0000
1996,N,Sometimes Small Vendor,Duns,NULL,1,1,1,1,3306,2942679507.0000
2002,L,Large Vendor,PID,0,1,1,222,222,157466,74885459554.0257
2004,L,Large Vendor,PID,NULL,1,1,2,2,0,0.0000
2014,U,Unlabeled Vendor,Duns,0,1,1,1,1,802,83984411.5300
1996,S,Always Small Vendor,PID,NULL,1,1,190,190,2364,874703851.0000
2003,M,Medium Vendor,PDuns,NULL,0,0,558,558,96,176396.1598
1995,N,Sometimes Small Vendor,PDuns,NULL,1,1,2354,4706,59985,14302900603.0000
2007,M,Medium Vendor,PID,0,1,1,443,443,19239,21655130571.6626
1994,N,Sometimes Small Vendor,PID,NULL,1,1,134,134,10008,5678242258.0000
2013,L,Large Vendor,PID,NULL,1,1,1,1,0,213192640.0000
2000,S,Always Small Vendor,PID,0,0,0,15,15,19,-108000.0000
2012,U,Unlabeled Vendor,Name,1,1,1,1,1,1,12300.0000
2013,M,Medium Vendor,Duns,1,0,1,18,18,38,185577.5900
2005,S,Always Small Vendor,Name,0,1,1,92,3,227,4329360.2795
1991,N,Sometimes Small Vendor,PID,NULL,1,1,134,134,NULL,9203236151.0000
2003,U,Unlabeled Vendor,Duns,0,1,1,17,2,22,3310742.8184
1992,B,Big Five,PDuns,NULL,1,1,3,9,NULL,276029149.0000
2010,S,Always Small Vendor,PDuns,NULL,0,0,3423,3424,0,127361.2592
2001,S,Always Small Vendor,PDuns,NULL,0,0,408,409,39,66809.7997
1996,L,Large Vendor,PDuns,NULL,0,1,1,8,40,2721394.0000
2000,N,Sometimes Small Vendor,PDuns,1,0,0,1,1,9,13000.0000
1999,M,Medium Vendor,PID,0,1,1,1,1,17,1382762773.4000
2010,J,Large: Big 5 JV,PID,0,1,1,13,13,2217,7533865402.9073
2012,B,Big Five,PDuns,0,0,1,1,27,193,70785131.1028
2008,M,Medium Vendor,Duns,0,0,1,1,1,1,6300.0000
2015,N,Sometimes Small Vendor,PID,1,1,1,3,3,51,147600864.4300
2008,U,Unlabeled Vendor,Duns,1,0,0,76,2,82,76779.9998
2014,N,Sometimes Small Vendor,PID,1,1,1,6,6,3236,393710556.7400
2013,M,Medium Vendor,PDuns,1,0,0,577,577,1283,218168.2400
2003,L,Large Vendor,PDuns,NULL,1,1,1,1,1,47000.0000
2004,U,Unlabeled Vendor,Name,0,0,1,54,2,69,222631.9084
2012,S,Always Small Vendor,Duns,1,0,1,1,1,1,4225.0000
2007,N,Sometimes Small Vendor,PDuns,1,0,1,114,114,628,1953497.5603
2007,S,Always Small Vendor,PDuns,1,0,0,185,185,280,415099.8500
2005,M,Medium Vendor,PDuns,1,1,1,4679,4753,59554,5781179330.3248
2013,N,Sometimes Small Vendor,PDuns,NULL,0,1,2,2,0,10415.0000
1989,L,Large Vendor,PDuns,NULL,1,1,5,10,NULL,9983000.0000
1996,S,Always Small Vendor,PDuns,NULL,0,0,198,200,322,-11249998.0000
1998,L,Large Vendor,Duns,NULL,1,1,1,1,133,146644780.0000
2015,N,Sometimes Small Vendor,PID,0,0,1,3,3,11,16905.9300
2004,L,Large Vendor,PDuns,0,0,1,5,19,71,3470933.0697
1993,N,Sometimes Small Vendor,PDuns,NULL,1,1,1216,4648,325,10696377882.0000
2004,N,Sometimes Small Vendor,PDuns,0,1,1,9106,14242,592743,30044855935.8057
2010,U,Unlabeled Vendor,Duns,0,1,1,2,2,2,123262.1699
2004,M,Medium Vendor,PID,1,0,1,2,2,5,25193.0000
2012,S,Always Small Vendor,Name,0,1,1,1,1,1,28228.0000
2010,M,Medium Vendor,PDuns,NULL,0,0,585,587,4,14515.0400
2010,M,Medium Vendor,PID,0,1,1,544,544,34397,26123544149.7423
2013,J,Large: Big 5 JV,PID,0,1,1,13,13,2567,5587308840.5800
2004,S,Always Small Vendor,Name,1,0,0,16,1,18,20270.9598
2002,M,Medium Vendor,PDuns,1,1,1,4231,4262,21479,3949678102.4532
2008,N,Sometimes Small Vendor,PDuns,NULL,0,1,5,5,2,23984.5996
1990,S,Always Small Vendor,PDuns,NULL,1,1,3597,3857,1,3493644675.0000
2013,M,Medium Vendor,PDuns,0,1,1,12645,15338,1022887,18748875202.3800
2010,L,Large Vendor,PDuns,0,1,1,84,495,45373,1480801380.0480
2002,N,Sometimes Small Vendor,PDuns,NULL,0,0,11,11,10,14062.2100
2006,S,Always Small Vendor,PID,0,0,1,50,50,303,1223373.1590
2016,N,Sometimes Small Vendor,PDuns,NULL,1,1,67,71,10,34712033.4515
2009,N,Sometimes Small Vendor,PID,1,1,1,10,10,479,77205979.2800
2008,M,Medium Vendor,PDuns,1,0,0,879,889,2515,3762336.8419
1992,S,Always Small Vendor,PID,NULL,0,0,1,1,NULL,1162211.0000
1999,M,Medium Vendor,PDuns,NULL,1,1,6663,7649,38082,10446391376.0000
2012,N,Sometimes Small Vendor,PID,0,1,1,807,807,451341,47953731115.4716
2004,N,Sometimes Small Vendor,PDuns,1,0,0,4,4,18,26877.8801
2005,U,Unlabeled Vendor,Name,1,0,0,20,2,25,60887.6997
1993,M,Medium Vendor,PDuns,NULL,0,1,66,66,3,1223544.0000
2009,M,Medium Vendor,PDuns,1,0,0,884,886,2603,1803588.4204
1997,S,Always Small Vendor,PDuns,NULL,1,1,16912,17274,60055,11307706646.0000
2016,S,Always Small Vendor,PDuns,NULL,0,1,69,69,0,47038.9999
2014,U,Unlabeled Vendor,Name,0,1,1,1,1,NULL,0.0000
2005,S,Always Small Vendor,PDuns,0,0,1,35104,35231,205101,952051385.3096
2005,S,Always Small Vendor,Duns,1,0,0,4,2,4,616.8000
2004,M,Medium Vendor,PID,NULL,0,1,1,1,0,0.0000
1997,N,Sometimes Small Vendor,PDuns,NULL,1,1,2629,4614,47293,8636136246.0000
1999,N,Sometimes Small Vendor,PID,NULL,0,1,1,1,2,52000.0000
2005,S,Always Small Vendor,PID,NULL,0,1,5,5,9,36862.1500
1994,L,Large Vendor,PDuns,NULL,1,1,31,162,2146,709993183.0000
2012,N,Sometimes Small Vendor,PDuns,NULL,0,1,2,2,0,0.0000
2010,L,Large Vendor,PID,NULL,1,1,2,2,0,0.0000
2004,S,Always Small Vendor,PID,0,0,1,48,48,156,964434.6040
1994,L,Large Vendor,PID,NULL,1,1,134,134,36122,40489848594.0000
2012,N,Sometimes Small Vendor,PDuns,0,0,0,361,367,2011,1494066.8280
2006,S,Always Small Vendor,PID,0,1,1,452,452,15605,3260996207.6895
2002,S,Always Small Vendor,PDuns,NULL,1,1,1601,1601,49,21624681.9189
2014,N,Sometimes Small Vendor,PID,NULL,1,1,1,1,0,0.0000
2003,U,Unlabeled Vendor,Duns,0,0,1,5,1,6,13874.0000
2003,S,Always Small Vendor,Duns,0,0,1,6,2,8,59224.0000
2011,S,Always Small Vendor,PID,NULL,0,0,6,6,0,0.0000
1999,L,Large Vendor,PDuns,NULL,1,1,47,142,1446,349131588.0000
2008,N,Sometimes Small Vendor,PDuns,0,0,0,1287,1319,30282,12061753.2923
2014,J,Large: Big 5 JV,PDuns,0,1,1,1,4,43,-8950183.7800
2008,L,Large Vendor,Duns,1,1,1,1,3,12,194930.2998
2001,B,Big Five,PID,0,1,1,5,5,29719,50568366785.0459
2006,M,Medium Vendor,PDuns,0,0,0,4078,4126,14530,25021841.0374
1988,M,Medium Vendor,PDuns,NULL,0,0,3,3,NULL,-138330.0000
2005,M,Medium Vendor,PID,NULL,0,0,7,7,2,3359.0000
2015,S,Always Small Vendor,PDuns,0,0,1,18863,18899,63303,183101675.0400
2000,S,Always Small Vendor,PID,1,0,1,1,1,1,13000.0000
2003,M,Medium Vendor,PDuns,0,1,1,9291,10106,82080,15238517179.5672
2002,M,Medium Vendor,PID,NULL,0,0,2,2,0,0.0000
2005,M,Medium Vendor,PDuns,NULL,1,1,765,766,692,161362635.4606
2015,M,Medium Vendor,PID,1,1,1,93,93,42462,1713514005.5300
2009,S,Always Small Vendor,PID,0,1,1,352,352,32699,3225319658.6345
2012,S,Always Small Vendor,Duns,0,0,0,2,2,2,7644.0000
2006,S,Always Small Vendor,PDuns,NULL,0,0,3723,3724,1616,1906483.1309
2015,M,Medium Vendor,PDuns,NULL,0,0,659,660,2,-22414.6800
2001,S,Always Small Vendor,PDuns,1,0,0,3,3,3,-22039.0000
2013,S,Always Small Vendor,PDuns,0,0,0,8438,8446,19667,-8728971.3200
2000,N,Sometimes Small Vendor,PDuns,0,1,1,4058,5595,95435,16190350573.3193
2014,L,Large Vendor,PDuns,0,1,1,116,808,14222,2699730958.8300
2008,S,Always Small Vendor,PID,NULL,1,1,17,17,0,645438.0704
2007,L,Large Vendor,PID,NULL,1,1,1,1,0,0.0000
2005,S,Always Small Vendor,PID,0,0,0,29,29,88,88433.2477
1999,N,Sometimes Small Vendor,PDuns,NULL,1,1,2266,3966,43806,7916903084.0000
1997,M,Medium Vendor,PID,NULL,1,1,400,400,9166,6722879858.0000
2008,M,Medium Vendor,PDuns,NULL,0,0,477,478,11,166380.7300
2000,J,Large: Big 5 JV,PID,0,1,1,5,5,93,1299583880.0000
2013,L,Large Vendor,PDuns,0,0,1,1,1,3,22830.0000
2004,B,Big Five,PID,0,1,1,5,5,51001,80189089447.0155
1997,B,Big Five,PDuns,NULL,1,1,4,26,185,56502780.0000
2013,S,Always Small Vendor,Duns,NULL,1,1,1,1,0,12000.0000
2012,S,Always Small Vendor,PDuns,NULL,0,1,187,187,0,778472.9867
2003,S,Always Small Vendor,PID,1,0,1,3,3,5,48466.0000
1998,M,Medium Vendor,PID,NULL,1,1,434,434,10686,7656185582.0000
2000,N,Sometimes Small Vendor,PID,NULL,1,1,1,1,0,0.0000
2003,N,Sometimes Small Vendor,PID,0,0,1,17,17,146,916195.0000
2011,M,Medium Vendor,PID,NULL,0,0,1,1,0,0.0000
2007,N,Sometimes Small Vendor,PDuns,0,0,0,1351,1391,35534,16083697.4588
2004,S,Always Small Vendor,Duns,1,0,1,4,1,4,31845.2901
2012,S,Always Small Vendor,PID,NULL,0,0,6,6,0,0.0000
2013,S,Always Small Vendor,PDuns,NULL,0,1,136,136,0,-492865.1300
2011,S,Always Small Vendor,PID,0,1,1,307,307,36234,3436615940.7624
2012,B,Big Five,PDuns,0,1,1,5,13,195,5319859.1136
2003,N,Sometimes Small Vendor,PDuns,1,0,1,5,5,11,270774.0000
2005,S,Always Small Vendor,Name,0,0,1,237,3,420,1631276.3897
1991,L,Large Vendor,PDuns,NULL,1,1,38,145,2,544358040.0000
2004,S,Always Small Vendor,PDuns,1,0,0,61,61,80,60549.7301
2001,L,Large Vendor,PID,0,0,0,1,1,1,-1000.0000
2001,N,Sometimes Small Vendor,PDuns,0,0,1,245,266,1136,20918927.6709
2004,M,Medium Vendor,PID,0,0,0,18,18,40,17850.0002
1995,M,Medium Vendor,PID,NULL,0,0,1,1,1,59222.0000
2010,S,Always Small Vendor,PDuns,1,0,0,56,56,68,-68991.1300
1991,L,Large Vendor,PID,NULL,1,1,110,110,2,47871034037.0000
2012,U,Unlabeled Vendor,Duns,1,1,1,2,1,5,4209114.8604
2016,S,Always Small Vendor,PDuns,0,0,0,5678,5684,26200,-1615863.5338
2013,U,Unlabeled Vendor,Duns,0,1,1,3,2,4,960071.7900
2010,N,Sometimes Small Vendor,PDuns,1,0,1,42,42,213,669185.9382
2010,U,Unlabeled Vendor,Duns,1,0,1,1,1,1,-6714.2998
1997,L,Large Vendor,PID,NULL,1,1,181,181,52964,29670550355.0000
2004,S,Always Small Vendor,PDuns,0,1,1,41806,42256,433905,28635093775.5324
2001,M,Medium Vendor,PID,0,1,1,511,511,15726,16625211253.7793
2008,N,Sometimes Small Vendor,PID,0,1,1,1061,1061,749866,61120212349.0109
2016,M,Medium Vendor,PDuns,NULL,0,0,366,367,6,23025364.7500
2013,S,Always Small Vendor,PID,0,0,0,6,6,7,-19691.4000
2009,L,Large Vendor,PDuns,0,1,1,106,958,65106,3252266563.6707
2007,M,Medium Vendor,PDuns,NULL,0,0,417,417,32,-5500.4199
2003,J,Large: Big 5 JV,PID,0,1,1,7,7,332,2738189765.2300
2008,L,Large Vendor,PID,0,0,1,1,1,44,4801.4300
2007,M,Medium Vendor,PDuns,0,0,1,4808,4921,17640,137256588.4234
2012,S,Always Small Vendor,PID,NULL,1,1,10,10,0,579906.2102
2000,L,Large Vendor,PID,0,1,1,210,210,109075,63800281486.7822
2015,S,Always Small Vendor,PDuns,1,1,1,336,335,1058,239244936.1300
2006,J,Large: Big 5 JV,PID,0,1,1,9,9,482,4580287139.2402
2013,M,Medium Vendor,Duns,0,1,1,5,5,23,419009.2100
2003,N,Sometimes Small Vendor,PID,1,1,1,4,4,359,32347345.0000
2013,N,Sometimes Small Vendor,PDuns,NULL,0,0,11,13,0,0.0000
2010,J,Large: Big 5 JV,PID,1,1,1,2,2,31,60480767.6104
1995,J,Large: Big 5 JV,PID,NULL,1,1,1,1,32,231653159.0000
2014,N,Sometimes Small Vendor,PID,0,1,1,672,672,174556,37196272196.6600
2008,S,Always Small Vendor,PDuns,0,0,0,21974,22018,96734,124008946.4092
2002,U,Unlabeled Vendor,Duns,NULL,1,1,1,1,56,40434717.0000
2005,N,Sometimes Small Vendor,PDuns,1,0,1,22,22,85,562647.6200
2012,U,Unlabeled Vendor,Name,0,1,1,3,2,3,-7739.6099
2016,M,Medium Vendor,PDuns,1,1,1,5302,5426,151147,5112936646.4996
2009,L,Large Vendor,PID,0,1,1,265,265,783276,185231648214.1364
2002,L,Large Vendor,PID,1,1,1,16,16,843,1709883035.3398
2009,M,Medium Vendor,PID,0,0,1,19,19,36,144249.7113
2007,L,Large Vendor,PID,0,1,1,252,252,816582,146906989699.5442
2006,S,Always Small Vendor,PDuns,0,0,0,26182,26218,111760,93464305.5666
2000,U,Unlabeled Vendor,Duns,NULL,1,1,1,1,16,8893351.0000
2002,N,Sometimes Small Vendor,PDuns,NULL,0,1,1,1,2,33600.0000
2005,S,Always Small Vendor,PID,NULL,0,0,5,5,4,1400.0000
2011,S,Always Small Vendor,PDuns,0,0,1,28752,28820,75276,309597936.7552
2004,S,Always Small Vendor,PDuns,1,1,1,213,213,304,94924074.6267
2013,L,Large Vendor,PDuns,1,1,1,5,13,144,161217647.8000
2013,S,Always Small Vendor,PDuns,NULL,0,0,2092,2092,0,-38707.7100
2009,M,Medium Vendor,PDuns,1,0,1,1542,1557,6013,19574518.5277
2011,U,Unlabeled Vendor,Duns,1,1,1,2,1,2,36641.8398
2007,M,Medium Vendor,PID,NULL,0,0,2,2,0,0.0000
1991,M,Medium Vendor,PID,NULL,0,0,1,1,NULL,97000.0000
1996,B,Big Five,PDuns,NULL,1,1,5,11,285,106524147.0000
2007,N,Sometimes Small Vendor,PDuns,NULL,0,1,2,2,0,8000.0000
2003,S,Always Small Vendor,Duns,1,1,1,5,1,7,968349.0000
2012,N,Sometimes Small Vendor,PID,0,0,1,11,11,64,168091.3408
2001,S,Always Small Vendor,Duns,NULL,1,1,1,1,0,0.0000
2002,M,Medium Vendor,PDuns,NULL,1,1,322,341,916,205491786.4335
2012,N,Sometimes Small Vendor,PID,1,1,1,11,11,164,106881973.4750
2004,S,Always Small Vendor,Name,0,0,0,75,2,97,63976.0500
2016,L,Large Vendor,PID,1,1,1,18,18,8295,1736860394.4964
2004,N,Sometimes Small Vendor,Name,1,0,0,1,1,2,2314.9200
2016,N,Sometimes Small Vendor,PID,0,0,1,5,5,27,70360.2696
2015,N,Sometimes Small Vendor,PID,NULL,1,1,1,1,0,0.0000
2000,N,Sometimes Small Vendor,PDuns,NULL,1,1,11,13,6,369198.2383
2005,M,Medium Vendor,PDuns,0,1,1,10351,11541,778727,16883180748.9906
2002,M,Medium Vendor,PDuns,0,0,1,2744,2768,7345,113713593.3589
1999,M,Medium Vendor,PDuns,NULL,0,0,41,41,60,-5355235.0000
1999,S,Always Small Vendor,PDuns,NULL,0,1,1527,1530,1655,36500638.0000
2006,L,Large Vendor,PID,0,1,1,246,246,725485,137768303845.7305
2008,L,Large Vendor,PDuns,1,0,0,1,4,1180,2590666.9889
1996,M,Medium Vendor,PDuns,NULL,0,0,43,43,57,-1731020.0000
2006,S,Always Small Vendor,Name,0,1,1,43,3,73,435918.9124
1992,M,Medium Vendor,PDuns,NULL,0,1,45,45,NULL,979816.0000
2014,S,Always Small Vendor,PDuns,1,1,1,347,347,4258,418483639.2200
2003,N,Sometimes Small Vendor,Name,0,1,1,2,1,5,1871603.0000
2016,J,Large: Big 5 JV,PID,0,1,1,13,13,4586,7882616438.4176
2006,S,Always Small Vendor,PDuns,NULL,0,1,893,893,1283,6502712.5917
2010,B,Big Five,PDuns,0,1,1,7,32,1028,206801470.3826
2007,S,Always Small Vendor,PDuns,0,0,0,23817,23856,117092,87507947.4443
2003,M,Medium Vendor,PID,NULL,0,0,3,3,0,0.0000
2011,S,Always Small Vendor,PDuns,1,1,1,334,339,987,283489072.8229
1999,S,Always Small Vendor,PID,NULL,0,1,10,10,10,281893.0000
2008,S,Always Small Vendor,Name,1,1,1,1,1,1,-11772.9199
1999,L,Large Vendor,PID,NULL,0,0,1,1,1,-30813.0000
2004,N,Sometimes Small Vendor,PDuns,1,1,1,77,79,851,74762886.0081
2003,N,Sometimes Small Vendor,PDuns,NULL,1,1,31,36,12,5600902.5925
2001,N,Sometimes Small Vendor,PDuns,0,0,0,15,15,60,80513.5399
2004,U,Unlabeled Vendor,Duns,1,0,0,15,2,17,42969.4400
2008,N,Sometimes Small Vendor,PID,NULL,1,1,1,1,0,30000.0000
2003,U,Unlabeled Vendor,Name,0,0,0,41,1,52,19134.4199
2010,U,Unlabeled Vendor,Duns,1,0,0,1,1,1,-7083.5000
2006,M,Medium Vendor,PID,0,0,0,19,19,52,-232766.6791
2002,S,Always Small Vendor,PID,NULL,1,1,4,4,0,0.0000
2009,U,Unlabeled Vendor,Name,0,0,0,3,1,4,1807.2599
2007,L,Large Vendor,PDuns,0,1,1,113,908,93830,3117555404.1928
2015,U,Unlabeled Vendor,Duns,1,0,0,3,1,7,2047.5000
1999,J,Large: Big 5 JV,PID,NULL,1,1,5,5,149,1355152574.0000
2008,M,Medium Vendor,PID,0,0,0,14,14,19,1519184.0700
2001,N,Sometimes Small Vendor,PID,1,1,1,1,1,8,1270297.0000
1997,N,Sometimes Small Vendor,PID,NULL,1,1,391,391,31873,11847129501.0000
2003,S,Always Small Vendor,PID,0,0,0,37,37,52,-87296.0000
2003,M,Medium Vendor,PDuns,0,0,1,3558,3623,12731,151569456.3066
2009,L,Large Vendor,PDuns,NULL,0,0,1,3,47,2782945.2505
2007,U,Unlabeled Vendor,Name,0,0,0,4,2,6,-4153.8301
2013,M,Medium Vendor,PID,1,1,1,121,121,15703,1859609692.4700
2011,M,Medium Vendor,PDuns,1,0,0,733,733,2558,1828987.5240
2009,M,Medium Vendor,Duns,1,0,1,2,2,3,26587.5508
2003,N,Sometimes Small Vendor,PDuns,NULL,0,1,8,8,22,229732.4199
2014,L,Large Vendor,PDuns,1,1,1,6,19,535,22091024.8400
2014,M,Medium Vendor,PDuns,1,0,0,377,375,722,-257677.5400
2015,M,Medium Vendor,PID,1,0,1,12,12,25,40400.3800
2002,L,Large Vendor,PID,0,0,1,3,3,4,113459.0000
2011,M,Medium Vendor,Duns,1,0,1,2,2,2,6006.7998
2002,S,Always Small Vendor,PID,0,0,1,53,53,110,1318735.0000
2003,N,Sometimes Small Vendor,PDuns,0,0,0,167,183,678,614704.6900
2005,N,Sometimes Small Vendor,Name,1,1,1,1,1,4,62025.0000
2001,N,Sometimes Small Vendor,PDuns,NULL,0,1,5,5,7,72858.2595
2014,L,Large Vendor,PDuns,0,0,1,2,3,20,1752463.5400
2003,M,Medium Vendor,PDuns,1,1,1,4851,4894,27073,4823902276.9642
2015,S,Always Small Vendor,PID,NULL,0,0,4,4,NULL,2500.0000
1999,NULL,NULL,PID,NULL,NULL,NULL,1,1,45,22486306.0000
1998,M,Medium Vendor,PDuns,NULL,0,0,34,34,45,-2433945.0000
2008,L,Large Vendor,PDuns,0,1,1,93,1002,127162,2541551201.1092
2010,N,Sometimes Small Vendor,PDuns,0,0,1,2375,2571,16662,82837766.9287
2016,M,Medium Vendor,PDuns,0,0,1,4217,4255,19846,49597468.5559
2005,M,Medium Vendor,Duns,0,1,1,1,1,1,1588458.0000
1991,S,Always Small Vendor,PDuns,NULL,1,1,4563,4941,1,5817628873.0000
2011,L,Large Vendor,PDuns,0,0,0,2,4,12,290309.6874
2004,S,Always Small Vendor,Duns,0,1,1,24,3,67,4628234.7388
2005,N,Sometimes Small Vendor,PDuns,0,0,0,877,893,7221,5875980.7980
2013,S,Always Small Vendor,PDuns,1,0,0,36,36,53,-30136.2800
1995,S,Always Small Vendor,PDuns,NULL,0,1,625,626,671,10755966.0000
2003,B,Big Five,PID,0,1,1,5,5,48594,76305685922.5625
2006,N,Sometimes Small Vendor,PDuns,NULL,0,1,10,10,67,222735.0898
2004,S,Always Small Vendor,PDuns,NULL,1,1,3664,3668,5722,114757855.5966
2015,J,Large: Big 5 JV,PDuns,0,1,1,2,9,123,67484491.4400
2008,J,Large: Big 5 JV,PID,0,1,1,13,13,1161,6938885078.4247
2000,S,Always Small Vendor,PID,0,1,1,530,530,8973,2793312599.2781
2005,M,Medium Vendor,PDuns,1,0,0,2078,2079,4677,6451971.6804
2006,S,Always Small Vendor,Duns,1,0,1,1,1,1,13480.0000
2010,N,Sometimes Small Vendor,PID,1,1,1,10,10,1046,255333111.9537
2006,U,Unlabeled Vendor,Name,0,0,0,72,3,92,-32970.4402
1995,M,Medium Vendor,PID,NULL,1,1,231,231,8105,10293397084.0000
2011,M,Medium Vendor,PID,NULL,1,1,9,9,0,56127546.0000
2007,M,Medium Vendor,PID,1,0,0,1,1,1,2800.0801
2010,S,Always Small Vendor,Duns,0,1,1,8,5,15,192361.2860
2008,S,Always Small Vendor,PDuns,1,0,1,262,262,536,2595432.8989
2000,U,Unlabeled Vendor,Name,0,1,1,1,1,7,1530000.0000
2014,M,Medium Vendor,PDuns,0,1,1,12029,14568,964140,24252048494.1400
2001,S,Always Small Vendor,PDuns,NULL,1,1,1116,1116,125,23804792.3782
2001,S,Always Small Vendor,Name,NULL,1,1,1,1,0,778032.0000
2007,N,Sometimes Small Vendor,PID,0,0,1,8,8,61,225182.9900
2006,N,Sometimes Small Vendor,PDuns,0,0,0,1186,1225,15561,8433062.4814
2016,M,Medium Vendor,PDuns,NULL,1,1,1109,1115,348,163713345.1152
2011,M,Medium Vendor,PDuns,NULL,0,0,579,584,0,23085.4501
2001,N,Sometimes Small Vendor,PID,NULL,1,1,1,1,0,0.0000
2012,M,Medium Vendor,PDuns,NULL,0,0,604,607,29,1090389.2332
2001,N,Sometimes Small Vendor,PDuns,1,0,1,1,1,2,54000.0000
2013,M,Medium Vendor,PDuns,1,1,1,5024,5116,65545,5201708005.6376
2008,N,Sometimes Small Vendor,PID,1,1,1,6,6,208,428833050.6946
2002,S,Always Small Vendor,PDuns,NULL,0,0,515,515,14,29101.6199
2012,S,Always Small Vendor,PDuns,0,1,1,62936,63587,1208301,49039506720.6879
2005,N,Sometimes Small Vendor,PDuns,NULL,0,1,62,62,238,1106954.7190
2009,M,Medium Vendor,PDuns,0,0,0,2801,2820,5411,7711006.6834
1990,M,Medium Vendor,PDuns,NULL,0,0,111,113,NULL,-9543000.0000
1987,S,Always Small Vendor,PDuns,NULL,0,0,1,1,NULL,-171000.0000
2012,M,Medium Vendor,PID,0,0,1,24,24,58,163675.7408
2012,M,Medium Vendor,Duns,NULL,1,1,2,2,0,117895.4766
1993,M,Medium Vendor,PID,NULL,0,1,3,3,NULL,-75236.0000
2016,S,Always Small Vendor,PDuns,0,1,1,57413,58072,1031465,52160121800.8473
2006,N,Sometimes Small Vendor,PID,1,1,1,2,2,37,91300600.0701
2008,M,Medium Vendor,PDuns,NULL,1,1,991,995,29,111517317.5807
2015,M,Medium Vendor,PDuns,0,0,1,4223,4294,9159,139581887.7400
2004,S,Always Small Vendor,Name,0,1,1,32,3,67,1727213.1692
2006,N,Sometimes Small Vendor,Name,0,0,1,5,1,13,7478.8298
2010,L,Large Vendor,Duns,0,1,1,1,1,6843,227626029.6533
2015,N,Sometimes Small Vendor,PDuns,0,1,1,12744,18462,2217249,49218649824.2231
2009,M,Medium Vendor,PDuns,NULL,0,1,47,47,2,120039.7104
2014,M,Medium Vendor,PDuns,NULL,0,0,495,499,2,185844.9600
2011,B,Big Five,PDuns,0,0,1,1,23,223,11231229.7411
2014,S,Always Small Vendor,PDuns,0,0,0,7430,7430,18117,6623961.0700
2005,U,Unlabeled Vendor,Name,1,0,1,21,2,55,347154.5800
2013,M,Medium Vendor,PID,NULL,0,1,1,1,0,-225.0000
2007,S,Always Small Vendor,PDuns,1,0,1,277,277,542,2785234.0985
2011,M,Medium Vendor,Duns,0,0,0,1,1,1,0.0000
2008,N,Sometimes Small Vendor,PDuns,0,1,1,15177,24447,3168624,50417975183.8842
2004,M,Medium Vendor,PID,1,0,0,1,1,2,0.0000
2016,U,Unlabeled Vendor,Duns,1,1,1,17,1,38,355772.0137
2001,M,Medium Vendor,PDuns,NULL,1,1,207,207,84,103160267.0630
2013,S,Always Small Vendor,PID,0,1,1,234,234,30639,3545592129.1500
2005,S,Always Small Vendor,PDuns,1,0,1,75,75,112,791116.9690
2014,B,Big Five,PDuns,0,1,1,11,88,1870,182243449.1500
2016,N,Sometimes Small Vendor,PDuns,1,0,0,10,10,214,59453.8698
2012,N,Sometimes Small Vendor,PDuns,0,1,1,13545,21000,2377624,49916468068.4266
1996,M,Medium Vendor,PID,NULL,0,1,2,2,3,83471.0000
2006,M,Medium Vendor,PDuns,0,0,1,4842,4906,20310,115719499.9851
2004,L,Large Vendor,Duns,1,1,1,1,1,11570,200407795.0000
2007,S,Always Small Vendor,Duns,1,0,0,47,1,57,83307.6899
2003,N,Sometimes Small Vendor,PDuns,1,1,1,35,36,134,23510000.0000
2003,U,Unlabeled Vendor,Name,1,0,1,35,1,54,543543.0000
2010,L,Large Vendor,PDuns,NULL,1,1,1,14,7041,76510289.2028
2012,M,Medium Vendor,Duns,0,0,1,4,4,4,14000.0000
2006,M,Medium Vendor,PID,1,0,1,5,5,20,94899.5100
2014,S,Always Small Vendor,PDuns,NULL,0,1,137,137,0,508755.5700
2011,L,Large Vendor,PID,0,1,1,270,270,10248605,172172309136.9016
2004,M,Medium Vendor,PID,0,1,1,469,469,22730,13370935973.7268
2004,N,Sometimes Small Vendor,PID,NULL,1,1,2,2,0,17479792.7500
2006,N,Sometimes Small Vendor,Duns,0,0,1,2,1,7,-1345.3100
2013,J,Large: Big 5 JV,PDuns,0,1,1,1,2,25,2574091.3000
2004,N,Sometimes Small Vendor,PDuns,NULL,1,1,84,85,212,15524350.4435
2015,N,Sometimes Small Vendor,PDuns,1,0,0,5,5,105,77719.1600
2005,L,Large Vendor,PID,0,1,1,237,237,744927,123290341566.4059
2007,S,Always Small Vendor,Duns,0,1,1,19,2,43,1028600.1649
1999,M,Medium Vendor,PID,NULL,1,1,490,490,11799,7758988489.0000
2009,S,Always Small Vendor,Name,0,0,0,1,1,1,-244.6800
2002,S,Always Small Vendor,Duns,1,0,0,1,1,1,235.0000
2011,M,Medium Vendor,PID,0,0,1,21,21,67,419544.9708
2001,S,Always Small Vendor,PID,1,1,1,3,3,3,636000.0000
2007,U,Unlabeled Vendor,Name,1,0,1,5,1,11,45784.0702
2006,N,Sometimes Small Vendor,PDuns,1,1,1,244,251,4928,405874469.6812
2009,L,Large Vendor,Duns,1,1,1,1,1,8883,279001162.0227
2012,M,Medium Vendor,PDuns,0,1,1,13622,16217,2042527,21971232636.2748
2012,J,Large: Big 5 JV,PID,1,1,1,1,1,1,-214465.8125
2015,L,Large Vendor,Duns,1,1,1,1,1,3192,201264992.7300
2012,S,Always Small Vendor,PID,0,0,1,23,23,55,188165.2300
1989,S,Always Small Vendor,PDuns,NULL,0,0,8,8,NULL,-1726029.0000
2005,N,Sometimes Small Vendor,Duns,1,1,1,1,1,18,76619.5703
2006,L,Large Vendor,PDuns,0,1,1,70,747,41918,1195763049.9747
2008,S,Always Small Vendor,PID,0,0,0,22,22,74,69524.1398
2003,L,Large Vendor,PDuns,0,0,0,3,9,71,2550963.0000
2008,S,Always Small Vendor,Duns,0,0,0,19,1,21,29955.9900
2016,L,Large Vendor,PID,0,0,1,1,1,3,11747.4399
2006,N,Sometimes Small Vendor,PDuns,NULL,1,1,28,30,11,4767006.2401
1992,S,Always Small Vendor,PID,NULL,1,1,123,123,NULL,609613070.0000
2012,S,Always Small Vendor,PDuns,1,0,0,36,36,50,31731.4199
2011,S,Always Small Vendor,Name,0,1,1,2,1,3,129991.7207
2011,N,Sometimes Small Vendor,PID,1,0,1,1,1,2,8215.3901
2015,U,Unlabeled Vendor,Duns,1,1,1,24,1,71,20041861.6900
2007,M,Medium Vendor,PDuns,NULL,1,1,861,863,68,108957615.5262
2009,L,Large Vendor,PDuns,0,0,1,4,55,440,42750455.9503
2011,S,Always Small Vendor,PID,1,1,1,2,2,6,1190925.9844
2016,L,Large Vendor,PDuns,1,1,1,7,16,1167,132469503.2917
2004,J,Large: Big 5 JV,PID,1,1,1,2,2,14,43045590.0000
2013,U,Unlabeled Vendor,Duns,1,1,1,1,1,2,1664347.0400
2013,M,Medium Vendor,PID,NULL,1,1,12,12,0,0.0000
2004,U,Unlabeled Vendor,Duns,0,1,1,19,3,32,942146.0392
2005,M,Medium Vendor,PDuns,NULL,0,0,1165,1173,1912,6746421.0628
1989,M,Medium Vendor,PID,NULL,1,1,37,37,NULL,297765975.0000
2005,N,Sometimes Small Vendor,Name,0,0,1,46,3,210,637112.9597
2016,S,Always Small Vendor,PDuns,1,0,0,22,22,44,-192229.5398
2003,J,Large: Big 5 JV,PID,1,1,1,2,2,43,56198416.0000
2008,S,Always Small Vendor,Name,0,0,0,2,1,2,-1800.0000
2013,M,Medium Vendor,PID,0,0,0,15,15,43,-52392.0600
2010,M,Medium Vendor,PID,1,0,0,1,1,1,3717.2000
2010,S,Always Small Vendor,Duns,0,0,1,1,1,3,10637.5000
1997,N,Sometimes Small Vendor,PDuns,NULL,0,1,13,16,28,591973.0000
2014,M,Medium Vendor,PID,1,0,1,18,18,47,59486.4100
2016,S,Always Small Vendor,PID,0,1,1,206,206,6643,2802199614.8135
2013,M,Medium Vendor,PDuns,0,0,1,4434,4498,9094,157953937.8800
2003,M,Medium Vendor,PID,0,0,1,37,37,141,997130.2800
2014,S,Always Small Vendor,PDuns,NULL,1,1,6583,6599,47,135945895.7300
2010,N,Sometimes Small Vendor,PDuns,1,1,1,274,283,6080,631958504.8098
1994,S,Always Small Vendor,PID,NULL,1,1,158,158,1993,735804905.0000
2011,L,Large Vendor,PID,0,0,1,1,1,5,-46179.5303
2013,S,Always Small Vendor,PDuns,0,1,1,58718,59323,742528,45599006446.1425
2003,U,Unlabeled Vendor,Name,1,1,1,69,1,114,6413802.0000
2006,M,Medium Vendor,PDuns,NULL,1,1,724,725,504,85207768.0849
2004,N,Sometimes Small Vendor,PID,0,0,1,22,22,157,735480.1501
2006,N,Sometimes Small Vendor,PDuns,1,0,1,57,57,203,1089188.9298
2015,L,Large Vendor,PID,1,1,1,20,20,6943,3108222236.0100
2009,J,Large: Big 5 JV,PDuns,0,1,1,1,2,187,91726932.1707
2001,S,Always Small Vendor,PDuns,1,1,1,103,103,154,16629856.0000
2007,M,Medium Vendor,PID,0,0,1,25,25,61,337872.2097
2013,S,Always Small Vendor,Duns,NULL,0,1,2,2,0,6000.0000
2008,N,Sometimes Small Vendor,PID,0,0,1,16,16,263,516052.9035
2011,S,Always Small Vendor,Duns,1,0,1,4,4,5,40064.9995
2011,N,Sometimes Small Vendor,PDuns,1,0,0,3,3,12,16858.3699
1996,M,Medium Vendor,PID,NULL,1,1,263,263,6304,4813990304.0000
2009,L,Large Vendor,PID,NULL,0,0,1,1,0,0.0000
2002,M,Medium Vendor,PID,0,0,1,32,32,347,1660510.0000
2005,J,Large: Big 5 JV,PID,0,1,1,8,8,483,4506855595.5000
2014,J,Large: Big 5 JV,PID,0,1,1,13,13,3566,7763864566.6900
2009,M,Medium Vendor,PID,NULL,0,0,3,3,0,0.0000
2002,L,Large Vendor,Duns,1,1,1,1,1,153,125687663.0000
2012,L,Large Vendor,Duns,0,1,1,1,1,6046,263128250.6270
1995,N,Sometimes Small Vendor,PDuns,NULL,0,1,5,6,16,-1640722.0000
2008,L,Large Vendor,Duns,0,1,1,1,1,7075,267631727.5592
2011,N,Sometimes Small Vendor,Duns,0,1,1,6,5,155518,5370831576.7132
1992,B,Big Five,PID,NULL,1,1,6,6,4,18797646629.0000
2008,M,Medium Vendor,PDuns,0,0,1,4932,4987,12476,61618195.5484
2004,N,Sometimes Small Vendor,PDuns,0,0,1,1790,1944,18823,58289780.2398
2004,L,Large Vendor,PID,0,0,0,2,2,3,1581.6300
2015,S,Always Small Vendor,PDuns,NULL,1,1,5636,5640,83,161859286.4400
2000,N,Sometimes Small Vendor,PDuns,1,1,1,28,28,155,15581787.8125
2009,U,Unlabeled Vendor,Name,0,1,1,7,1,10,34153.6192
2011,S,Always Small Vendor,PID,0,0,1,22,22,30,152600.2006
2008,M,Medium Vendor,PDuns,1,1,1,4566,4657,94159,4718357610.5409
1995,S,Always Small Vendor,PID,NULL,0,1,2,2,2,-249020.0000
1997,S,Always Small Vendor,PDuns,NULL,0,1,1324,1327,1457,39566821.0000
2008,S,Always Small Vendor,PID,NULL,0,1,1,1,0,3000.0000
2009,N,Sometimes Small Vendor,Duns,0,1,1,5,4,254493,6861410722.2394
2014,N,Sometimes Small Vendor,PDuns,0,1,1,12002,18009,1900903,47775263855.5000
2016,M,Medium Vendor,PID,1,0,0,5,5,7,-67156.4000
2013,S,Always Small Vendor,Duns,0,0,0,2,2,2,-2568.4200
1996,S,Always Small Vendor,PDuns,NULL,1,1,17405,18418,62390,12433038658.0000
2000,N,Sometimes Small Vendor,PDuns,0,0,1,196,211,941,8474269.3000
2008,N,Sometimes Small Vendor,Duns,1,1,1,1,1,8,62163.0000
2002,M,Medium Vendor,PID,1,1,1,49,49,1232,875394560.2500
2009,N,Sometimes Small Vendor,PDuns,1,0,0,25,25,131,100845.9002
1998,M,Medium Vendor,PDuns,NULL,1,1,7141,8267,39215,10017848958.0000
2007,N,Sometimes Small Vendor,PID,1,1,1,4,4,2101,94009180.5100
2011,N,Sometimes Small Vendor,PDuns,0,1,1,14896,23229,2060995,53413448510.1094
2007,U,Unlabeled Vendor,Duns,0,0,0,27,3,31,44725.2902
2000,N,Sometimes Small Vendor,Duns,0,1,1,3,3,4793,1022261260.7891
1992,M,Medium Vendor,PDuns,NULL,1,1,3596,5431,3,9913577055.0000
2009,U,Unlabeled Vendor,Duns,0,1,1,3,2,3,-26681.2188
2015,S,Always Small Vendor,PID,0,0,1,16,16,27,79399.0800
2003,S,Always Small Vendor,Name,1,0,0,35,1,49,36463.0000
2006,N,Sometimes Small Vendor,PID,NULL,1,1,1,1,0,1118754.0000
2014,S,Always Small Vendor,PID,0,1,1,226,226,30186,2971535523.5200
2009,M,Medium Vendor,PID,0,1,1,484,484,34783,9699592398.4899
2016,N,Sometimes Small Vendor,PID,1,1,1,2,2,42,745310.6114
2001,S,Always Small Vendor,PID,NULL,1,1,6,6,0,0.0000
2011,M,Medium Vendor,PDuns,0,0,1,6030,6103,13565,68756422.3891
2015,L,Large Vendor,PDuns,0,1,1,134,976,26074,2887042568.5100
2009,N,Sometimes Small Vendor,PDuns,NULL,0,0,28,29,0,5120.2200
2005,S,Always Small Vendor,Name,1,1,1,3,2,4,93419.9688
1996,N,Sometimes Small Vendor,PDuns,NULL,0,0,3,4,8,-1052996.0000
2003,U,Unlabeled Vendor,Duns,1,1,1,15,2,64,13907780.7266
2004,S,Always Small Vendor,PID,NULL,1,1,7,7,2,349439.3643
1996,N,Sometimes Small Vendor,PID,NULL,1,1,243,243,22632,9455859093.0000
2014,M,Medium Vendor,PID,0,0,0,11,11,28,-14571.5500
2002,S,Always Small Vendor,PDuns,0,0,1,13296,13327,31029,320342524.4880
1990,B,Big Five,PID,NULL,1,1,5,5,NULL,15869067707.0000
2001,M,Medium Vendor,PDuns,1,0,1,690,690,868,22215626.0000
2004,S,Always Small Vendor,PDuns,0,0,1,24686,24807,85879,522224458.9896
2008,U,Unlabeled Vendor,Duns,0,0,1,18,2,65,121717.7895
2003,L,Large Vendor,PDuns,1,0,1,1,1,2,5546.0000
2005,S,Always Small Vendor,PDuns,NULL,1,1,3575,3577,3898,129311079.4545
2000,S,Always Small Vendor,PDuns,NULL,0,1,45,45,49,416173.2085
2005,S,Always Small Vendor,Name,1,0,0,6,1,7,12214.0002
2015,N,Sometimes Small Vendor,PDuns,NULL,0,0,21,21,0,0.0000
1989,M,Medium Vendor,PDuns,NULL,1,1,306,1042,NULL,681605000.0000
1994,M,Medium Vendor,PDuns,NULL,0,0,46,46,69,-51043164.0000
2004,U,Unlabeled Vendor,Name,1,0,0,37,2,46,91900.8206
2008,S,Always Small Vendor,Duns,1,0,1,6,1,7,20194.0000
2016,S,Always Small Vendor,PID,NULL,0,0,2,2,0,0.0000
2007,M,Medium Vendor,PDuns,1,1,1,4531,4609,101659,4592277992.1038
2001,M,Medium Vendor,PID,NULL,0,0,3,3,0,0.0000
2005,U,Unlabeled Vendor,Duns,1,0,0,8,2,9,27595.2003
1998,M,Medium Vendor,PID,NULL,0,1,10,10,11,311881.0000
2011,N,Sometimes Small Vendor,PID,0,0,0,4,4,30,7420.8301
1999,B,Big Five,PDuns,NULL,1,1,4,22,154,185135721.0000
2006,L,Large Vendor,PID,1,0,0,1,1,2,-2090162.0000
2004,N,Sometimes Small Vendor,Duns,0,0,0,1,1,6,0.0000
2000,S,Always Small Vendor,PDuns,0,0,0,2062,2062,3903,-17574387.1421
2016,M,Medium Vendor,PID,NULL,0,0,5,5,0,0.0000
2005,S,Always Small Vendor,Duns,0,0,1,110,3,168,987284.0541
2014,S,Always Small Vendor,PDuns,1,0,1,92,92,126,547999.3400
1992,S,Always Small Vendor,PDuns,NULL,1,1,4652,28823,8,22245497647.0000
2006,S,Always Small Vendor,Name,1,0,0,1,1,1,35.6800
2005,U,Unlabeled Vendor,Name,0,0,0,402,2,788,647830.9590
2006,M,Medium Vendor,PID,NULL,0,1,2,2,3,-811.0000
2016,N,Sometimes Small Vendor,PDuns,NULL,0,0,2,3,0,0.0000
2005,U,Unlabeled Vendor,Name,0,1,1,117,3,231,15863140.2900
2010,L,Large Vendor,PDuns,1,1,1,5,15,267,53514435.6114
2004,B,Big Five,PDuns,0,1,1,4,8,203,40488521.9317
2013,N,Sometimes Small Vendor,PDuns,0,1,1,12754,19439,1665553,44594248249.3676
2013,M,Medium Vendor,PID,1,0,1,24,24,40,85630.8200
2007,S,Always Small Vendor,PDuns,NULL,0,1,456,456,93,1980903.7332
1993,B,Big Five,PID,NULL,1,1,6,6,36,16833823927.0000
2006,B,Big Five,PDuns,0,0,0,1,1,7,417582.1719
2002,S,Always Small Vendor,Name,0,1,1,2,2,2,65000.0000
2013,L,Large Vendor,PDuns,NULL,1,1,1,2,28,1983807.6200
2007,S,Always Small Vendor,PID,0,1,1,438,438,30442,3148526602.0572
2012,S,Always Small Vendor,PID,1,1,1,7,7,1617,31074783.7967
2013,N,Sometimes Small Vendor,PDuns,1,0,0,4,4,7,9079.6400
2016,L,Large Vendor,Duns,1,1,1,1,1,3561,149381104.3566
1990,J,Large: Big 5 JV,PID,NULL,1,1,1,1,NULL,103874000.0000
2007,S,Always Small Vendor,PDuns,0,1,1,59354,60211,1728842,42385998175.3876
2008,S,Always Small Vendor,Name,1,0,1,1,1,1,0.0000
2015,M,Medium Vendor,PID,NULL,0,1,1,1,0,0.0000
2003,S,Always Small Vendor,PDuns,0,1,1,37519,37914,270488,29110201815.2043
2006,U,Unlabeled Vendor,Duns,0,0,0,39,2,55,-33488.4200
2005,N,Sometimes Small Vendor,Duns,0,0,0,16,2,51,21340.5301
1999,B,Big Five,PID,NULL,1,1,5,5,21259,37961326457.0000
2007,U,Unlabeled Vendor,Duns,1,0,1,42,1,56,327490.0410
2014,U,Unlabeled Vendor,Duns,0,0,1,1,1,1,-19443.8500
1995,M,Medium Vendor,PDuns,NULL,0,0,62,62,88,-6551942.0000
1992,M,Medium Vendor,PID,NULL,0,1,1,1,NULL,25509.0000
1999,L,Large Vendor,Duns,NULL,1,1,1,1,146,138402938.0000
2005,L,Large Vendor,PDuns,0,1,1,56,379,21638,1624062097.9887
2014,L,Large Vendor,PID,NULL,1,1,3,3,0,74450918.0000
1991,N,Sometimes Small Vendor,PDuns,NULL,0,0,3,5,NULL,-2072000.0000
2008,M,Medium Vendor,PID,1,0,1,4,4,5,19763.2200
1991,M,Medium Vendor,PDuns,NULL,0,1,27,27,NULL,861678.0000
2015,M,Medium Vendor,PDuns,1,1,1,5033,6393,145556,4842307947.9400
1990,M,Medium Vendor,PID,NULL,1,1,183,183,NULL,11932112493.0000
2009,U,Unlabeled Vendor,Duns,1,0,0,1,1,1,3333.1101
2003,U,Unlabeled Vendor,Duns,1,0,0,11,1,20,1024.0000
1994,M,Medium Vendor,PDuns,NULL,1,1,7814,9697,48805,15529443736.0000
2012,M,Medium Vendor,PDuns,1,0,0,619,615,1849,1037663.0007
1998,S,Always Small Vendor,PDuns,NULL,0,1,1387,1392,1571,46677696.0000
2003,U,Unlabeled Vendor,Name,NULL,1,1,1,1,1,44944.6602
2003,S,Always Small Vendor,PDuns,1,0,0,11,11,18,31749.0000
1998,S,Always Small Vendor,Duns,NULL,1,1,1,1,1,294364.0000
1999,N,Sometimes Small Vendor,PDuns,NULL,0,1,12,16,25,594025.0000
2010,S,Always Small Vendor,Name,0,1,1,3,2,3,147567.6802
1996,S,Always Small Vendor,PID,NULL,0,1,4,4,4,155686.0000
2002,L,Large Vendor,PDuns,NULL,1,1,1,4,116,8385852.0000
2008,S,Always Small Vendor,PDuns,NULL,0,1,259,259,31,824843.3607
2015,M,Medium Vendor,PID,0,0,0,7,7,21,14206.0400
2006,S,Always Small Vendor,Duns,0,0,0,119,5,152,61111.9499
2011,M,Medium Vendor,PID,1,1,1,121,121,45765,6082193426.6032
2009,M,Medium Vendor,PID,1,0,0,1,1,1,3245.2100
2006,M,Medium Vendor,PID,1,1,1,52,52,1513,3285426296.8209
2012,M,Medium Vendor,Duns,1,1,1,19,19,27,2349954.6285
2011,S,Always Small Vendor,PDuns,NULL,1,1,4311,4316,1,152140274.9484
2011,N,Sometimes Small Vendor,PDuns,NULL,0,0,18,19,0,0.0000
1989,L,Large Vendor,PID,NULL,1,1,33,33,NULL,250590000.0000
2006,M,Medium Vendor,PDuns,1,1,1,4061,4124,44169,5748629768.5498
2015,L,Large Vendor,PDuns,NULL,1,1,2,3,5,2700000.0000
2007,U,Unlabeled Vendor,Duns,0,0,1,22,2,28,174853.0118
2002,S,Always Small Vendor,PID,1,0,0,1,1,1,1000.0000
2015,S,Always Small Vendor,PID,1,1,1,3,3,2451,41323092.5900
2007,N,Sometimes Small Vendor,PDuns,0,1,1,14147,22574,3172829,42388526904.0561
2014,B,Big Five,PID,0,1,1,5,5,72810,88805189114.5800
2008,N,Sometimes Small Vendor,PDuns,NULL,0,0,13,14,0,5210.0000
2002,N,Sometimes Small Vendor,PID,0,0,1,9,9,66,472284.0000
2007,S,Always Small Vendor,PID,NULL,0,0,6,6,0,0.0000
2000,L,Large Vendor,PDuns,0,0,1,3,19,173,32206649.0000
2004,U,Unlabeled Vendor,Duns,1,1,1,23,2,40,2715122.9775
2013,M,Medium Vendor,PID,1,0,0,9,9,14,6065.3100
2016,L,Large Vendor,PDuns,0,1,1,140,892,122853,4965543822.9262
2003,S,Always Small Vendor,PID,0,1,1,587,587,16565,4059562697.2385
2014,S,Always Small Vendor,PDuns,1,0,0,21,21,26,349607.8000
1993,L,Large Vendor,PDuns,NULL,1,1,22,324,10,1347316692.0000
2004,N,Sometimes Small Vendor,PDuns,1,0,1,24,24,142,1263200.7595
2004,M,Medium Vendor,PID,0,0,1,32,32,148,802279.7748
2012,L,Large Vendor,PID,0,1,1,268,268,10798448,170383419330.4360
2010,U,Unlabeled Vendor,Duns,1,1,1,6,1,11,8610664.9609
2013,J,Large: Big 5 JV,PID,1,1,1,1,1,1,344031.7600
2005,S,Always Small Vendor,PID,NULL,1,1,9,9,35,745770.9688
2004,L,Large Vendor,PDuns,1,0,1,2,6,83,2568587.0000
2000,M,Medium Vendor,PID,NULL,0,0,3,3,0,0.0000
2003,L,Large Vendor,PID,NULL,0,0,1,1,0,0.0000
2008,L,Large Vendor,PID,1,1,1,20,20,786,4153206605.8304
2006,N,Sometimes Small Vendor,Duns,0,1,1,7,4,561783,8970668960.1985
2004,U,Unlabeled Vendor,Name,1,0,1,28,2,44,351325.6196
2000,N,Sometimes Small Vendor,PDuns,1,0,1,2,2,4,115995.0000
2010,M,Medium Vendor,PID,1,1,1,93,93,25441,5063854437.9534
2012,M,Medium Vendor,Duns,1,0,1,8,8,10,22351.4103
2008,M,Medium Vendor,PDuns,0,0,0,4052,4075,10495,16262874.4264
2005,L,Large Vendor,PID,0,0,1,2,2,7,84051.2202
1995,N,Sometimes Small Vendor,PID,NULL,1,1,162,162,13903,6442502200.0000
2013,S,Always Small Vendor,PID,1,1,1,7,7,204,7403440.8700
2007,S,Always Small Vendor,Duns,0,0,1,56,3,75,516094.1713
2007,M,Medium Vendor,Duns,0,1,1,2,2,3,56610.0000
2016,U,Unlabeled Vendor,Name,1,1,1,1,1,2,41146.6700
2004,N,Sometimes Small Vendor,PID,0,0,0,4,4,11,15669.0000
2012,J,Large: Big 5 JV,PID,0,1,1,12,12,2276,8195912766.3758
2006,S,Always Small Vendor,PDuns,NULL,1,1,3259,3260,890,119880014.7616
2001,M,Medium Vendor,PID,0,0,0,15,15,24,-1888309.1799
2013,N,Sometimes Small Vendor,PDuns,NULL,1,1,88,98,8,5471849.5800
2009,N,Sometimes Small Vendor,PID,0,1,1,985,985,429790,62900993514.3792
1998,S,Always Small Vendor,PID,NULL,0,0,1,1,1,-31300.0000
1991,S,Always Small Vendor,PDuns,NULL,0,1,65,65,NULL,-12494025.0000
2011,M,Medium Vendor,PID,1,0,1,31,31,51,412606.6220
2016,NULL,NULL,PID,NULL,NULL,NULL,1,1,743,89205756.1669
2010,U,Unlabeled Vendor,Name,0,1,1,1,1,1,0.0000
2013,S,Always Small Vendor,PID,0,0,1,20,20,26,33703.2600
2004,L,Large Vendor,PDuns,1,1,1,1,1,2,94530.0000
1998,U,Unlabeled Vendor,Duns,NULL,1,1,1,1,7,3759749.0000
2004,M,Medium Vendor,PDuns,NULL,0,0,942,944,788,-20210206.9784
2000,U,Unlabeled Vendor,Duns,0,0,0,1,1,1,1.0000
1990,M,Medium Vendor,PID,NULL,0,1,1,1,NULL,34000.0000
2007,N,Sometimes Small Vendor,Name,0,0,0,2,1,11,12095.6500
2006,S,Always Small Vendor,Duns,0,0,1,56,2,73,123372.5196
2006,S,Always Small Vendor,Duns,0,1,1,36,3,77,1309500.7486
2011,S,Always Small Vendor,PID,NULL,1,1,7,7,0,5430.0000
2001,M,Medium Vendor,PID,NULL,1,1,1,1,0,0.0000
2015,M,Medium Vendor,PDuns,NULL,1,1,1179,1189,25,99298083.6200
1989,S,Always Small Vendor,PID,NULL,1,1,13,13,NULL,3353000.0000
1997,N,Sometimes Small Vendor,PDuns,NULL,0,0,1,1,2,1270.0000
2002,S,Always Small Vendor,Name,0,0,0,2,2,2,1158.0000
2006,L,Large Vendor,PDuns,1,1,1,1,1,33,28492948.9311
2006,U,Unlabeled Vendor,Name,0,1,1,44,3,82,2813058.5320
2009,M,Medium Vendor,PDuns,1,1,1,5089,5212,105919,5581346934.2918
2000,J,Large: Big 5 JV,PID,1,1,1,2,2,25,341557258.0000
2007,U,Unlabeled Vendor,Duns,0,1,1,18,3,36,1808231.0711
2004,S,Always Small Vendor,PDuns,1,0,1,66,66,118,781793.6893
1990,L,Large Vendor,PDuns,NULL,1,1,29,18263,NULL,12190687236.0000
2007,M,Medium Vendor,PID,1,1,1,62,62,6578,3123378353.7089
2003,M,Medium Vendor,PID,NULL,1,1,6,6,1,1864647.0000
1990,S,Always Small Vendor,PDuns,NULL,0,0,107,107,NULL,-22822000.0000
2012,N,Sometimes Small Vendor,PDuns,NULL,0,0,18,22,0,0.0000
2012,S,Always Small Vendor,PID,NULL,0,1,2,2,0,-389.0800
2013,B,Big Five,PDuns,0,1,1,8,28,302,16470998.2000
2003,U,Unlabeled Vendor,Name,0,1,1,48,2,78,6034886.8399
2008,M,Medium Vendor,PID,0,1,1,430,430,29548,33052781705.0618
2016,S,Always Small Vendor,PDuns,NULL,0,0,1071,1071,0,-2222.9504
2012,S,Always Small Vendor,PID,0,0,0,11,11,12,2983.0400
2013,S,Always Small Vendor,PDuns,1,1,1,342,343,4614,279814384.1300
2010,N,Sometimes Small Vendor,PDuns,0,1,1,15547,24363,1701149,55529249236.3580
2000,S,Always Small Vendor,PDuns,1,0,0,8,8,12,-54000.0000
2004,U,Unlabeled Vendor,Duns,0,0,1,21,2,28,128341.3003
2002,M,Medium Vendor,PDuns,1,0,0,185,185,716,-4319978.0100
2015,S,Always Small Vendor,PDuns,1,0,1,74,74,134,535241.6500
2014,M,Medium Vendor,PID,0,1,1,525,525,129142,27215320002.0300
2001,L,Large Vendor,PDuns,0,1,1,47,226,4501,1116842179.9498
2010,M,Medium Vendor,PID,0,0,0,15,15,26,105814.3198
2011,M,Medium Vendor,PDuns,1,1,1,5451,5555,114115,5969110980.9666
2008,L,Large Vendor,PID,NULL,1,1,1,1,0,0.0000
2002,N,Sometimes Small Vendor,PID,0,1,1,769,769,94170,28017034922.7159
2013,N,Sometimes Small Vendor,PDuns,1,1,1,190,199,3210,404997006.8200
2008,B,Big Five,PID,0,1,1,5,5,88485,113022135846.4676
1995,M,Medium Vendor,PDuns,NULL,1,1,8340,9982,51762,14927612883.0000
1992,L,Large Vendor,PID,NULL,1,1,120,120,8,42232116460.0000
2000,L,Large Vendor,PID,0,0,1,5,5,5,124478.0000
2000,S,Always Small Vendor,Duns,0,1,1,2,1,0,0.0000
2015,L,Large Vendor,PID,0,1,1,245,245,11022284,134985284729.2050
2008,S,Always Small Vendor,PID,NULL,0,0,3,3,1,0.0000
2016,S,Always Small Vendor,Duns,NULL,0,0,1,1,0,0.0000
2000,N,Sometimes Small Vendor,PDuns,NULL,0,1,1,1,3,8825.0000
2009,S,Always Small Vendor,PID,1,1,1,1,1,2,2192481.0000
2004,L,Large Vendor,PDuns,0,0,0,2,4,17,136203.0000
1990,N,Sometimes Small Vendor,PDuns,NULL,1,1,1889,4580,NULL,12429230708.0000
1993,M,Medium Vendor,PDuns,NULL,0,0,27,27,NULL,-3369148.0000
2009,M,Medium Vendor,PDuns,NULL,1,1,1014,1058,66,160726754.6725
2014,S,Always Small Vendor,Duns,NULL,0,0,1,1,0,0.0000
2003,S,Always Small Vendor,PDuns,NULL,0,0,904,904,189,134703.2502
2009,S,Always Small Vendor,PDuns,NULL,0,0,3718,3718,2,156594.3495
2000,S,Always Small Vendor,PDuns,0,1,1,29190,29417,140588,19653890202.6409
2003,N,Sometimes Small Vendor,Name,0,0,1,1,1,7,31899.0000
2006,S,Always Small Vendor,Name,1,1,1,1,1,1,-2766.4099
2012,S,Always Small Vendor,Duns,0,1,1,7,7,11,308832.0957
2016,N,Sometimes Small Vendor,PDuns,0,0,1,1431,1503,10297,29209547.0709
2000,M,Medium Vendor,PDuns,NULL,0,0,377,379,85,66418.0600
2003,N,Sometimes Small Vendor,PDuns,1,0,0,1,1,5,-1172.0000
2015,NULL,NULL,PID,NULL,NULL,NULL,1,1,368,154292504.6800
2015,S,Always Small Vendor,PID,NULL,1,1,8,8,0,429576.0000
2004,U,Unlabeled Vendor,Name,0,0,0,81,2,111,116197.0589
1996,L,Large Vendor,PID,NULL,1,1,159,159,49271,38260363376.0000
2010,S,Always Small Vendor,PDuns,0,0,0,14073,14094,38491,75872219.8212
2002,L,Large Vendor,PID,1,0,1,1,1,1,26193.0000
1989,M,Medium Vendor,PDuns,NULL,0,0,9,9,NULL,921000.0000
2001,U,Unlabeled Vendor,Name,0,1,1,2,2,2,564482.3125
2009,L,Large Vendor,PDuns,1,1,1,6,36,1066,153918716.2530
1998,L,Large Vendor,PID,NULL,1,1,182,182,57166,27639479282.0000
2001,M,Medium Vendor,PDuns,0,0,1,2196,2206,4743,66486077.2698
2003,N,Sometimes Small Vendor,Duns,0,1,1,5,4,2293,879662978.5211
2005,S,Always Small Vendor,Name,0,0,0,610,3,848,600860.3891
2010,U,Unlabeled Vendor,Duns,0,0,1,1,1,1,0.0000
2006,L,Large Vendor,PID,1,1,1,16,16,1566,3440948327.0944
2010,S,Always Small Vendor,PDuns,NULL,0,1,194,194,0,544527.5015
2004,N,Sometimes Small Vendor,PDuns,0,0,0,436,450,3389,2527493.9203
2001,M,Medium Vendor,PID,1,1,1,39,39,732,527413941.0000
2000,N,Sometimes Small Vendor,PDuns,0,0,0,15,15,51,-1468958.0000
2001,S,Always Small Vendor,PID,NULL,0,0,3,3,2,0.0000
2006,M,Medium Vendor,PID,NULL,1,1,13,13,2,24287300.3789
2004,U,Unlabeled Vendor,Name,1,1,1,52,2,76,4354241.1574
1994,S,Always Small Vendor,PDuns,NULL,0,1,464,464,519,6457892.0000
2006,S,Always Small Vendor,PID,1,1,1,1,1,2,1055000.0000
2012,S,Always Small Vendor,PDuns,NULL,0,0,2087,2087,2,21834.5903
2003,S,Always Small Vendor,PID,1,0,0,4,4,7,446.0000
2016,S,Always Small Vendor,PID,NULL,1,1,14,14,0,-909130.4063
2001,U,Unlabeled Vendor,Duns,0,1,1,1,1,1,0.0000
1998,B,Big Five,PDuns,NULL,1,1,3,7,91,69528455.0000
1996,N,Sometimes Small Vendor,PDuns,NULL,1,1,2818,5814,61720,13111730763.0000
2016,M,Medium Vendor,PID,NULL,1,1,12,12,5,828745.2687
2008,N,Sometimes Small Vendor,PDuns,1,0,0,19,19,89,85583.5400
2010,M,Medium Vendor,PID,1,0,1,16,16,23,178032.4591
2012,N,Sometimes Small Vendor,PDuns,1,0,0,3,3,15,7823.0900
2000,NULL,NULL,PID,NULL,NULL,NULL,1,1,60,40263414.0000
1998,J,Large: Big 5 JV,PID,NULL,1,1,4,4,101,765214663.0000
2015,N,Sometimes Small Vendor,PDuns,0,0,1,1576,1653,11717,34503582.6000
2006,M,Medium Vendor,PDuns,0,1,1,10299,11530,640454,17843707832.2000
2016,U,Unlabeled Vendor,Duns,1,0,1,1,1,1,6148.2998
2001,S,Always Small Vendor,PDuns,0,0,0,2170,2170,4441,-10762249.6051
1990,N,Sometimes Small Vendor,PDuns,NULL,0,1,1,1,NULL,-943000.0000
2016,B,Big Five,PDuns,0,1,1,5,31,1214,188724092.2894
2012,L,Large Vendor,PID,0,0,1,2,2,5,25815.6897
2008,S,Always Small Vendor,PDuns,0,1,1,64323,65167,1638452,44404897665.4472
2011,S,Always Small Vendor,Duns,0,1,1,5,5,8,382603.0085
2003,U,Unlabeled Vendor,Duns,NULL,1,1,1,1,4,0.0000
2002,M,Medium Vendor,PID,NULL,1,1,4,4,0,6275110.2500
2011,B,Big Five,PID,0,1,1,5,5,90683,117748860341.3035
2004,N,Sometimes Small Vendor,PDuns,NULL,0,1,31,31,137,459539.9404
2006,M,Medium Vendor,PDuns,1,0,0,1396,1398,3283,-37059913.5279
1993,J,Large: Big 5 JV,PID,NULL,1,1,3,3,NULL,671254155.0000
2008,M,Medium Vendor,PDuns,NULL,0,1,42,42,9,78621.6291
2009,J,Large: Big 5 JV,PID,0,1,1,13,13,1519,7736224528.5091
2005,S,Always Small Vendor,Duns,0,0,0,356,4,603,421668.1811
2003,L,Large Vendor,PDuns,0,1,1,68,302,4618,1014582105.3121
2003,U,Unlabeled Vendor,Duns,0,0,0,18,2,21,-900625.0000
2010,M,Medium Vendor,PID,NULL,1,1,13,13,3,82119402.5000
1991,M,Medium Vendor,PID,NULL,1,1,168,168,1,9176534454.0000
1990,B,Big Five,PID,NULL,0,0,1,1,NULL,-35000.0000
2009,N,Sometimes Small Vendor,PDuns,NULL,1,1,54,60,0,3889314.1700
2007,N,Sometimes Small Vendor,PDuns,1,0,0,52,52,376,297213.0799
2004,S,Always Small Vendor,PDuns,0,0,0,14307,14321,41214,33598149.5683
2013,M,Medium Vendor,PDuns,1,0,1,1174,1170,3491,9986505.7200
2003,J,Large: Big 5 JV,PID,0,0,0,1,1,1,-42500.0000
2001,S,Always Small Vendor,PDuns,NULL,0,1,48,48,71,430775.7609
2006,L,Large Vendor,PID,NULL,0,0,1,1,0,0.0000
2012,M,Medium Vendor,PDuns,1,1,1,5231,5329,107581,6429977146.2165
2013,S,Always Small Vendor,Duns,NULL,0,0,1,1,0,0.0000
2008,N,Sometimes Small Vendor,PID,0,0,0,3,3,15,989.9900
2003,S,Always Small Vendor,Duns,1,0,1,3,1,4,80527.0000
2014,N,Sometimes Small Vendor,PDuns,1,0,1,19,19,86,375893.8300
2006,B,Big Five,PDuns,0,1,1,1,2,104,61227.9398
2006,U,Unlabeled Vendor,Duns,1,0,0,15,2,24,53493.3794
2012,S,Always Small Vendor,Duns,1,0,0,1,1,1,200.0000
2016,S,Always Small Vendor,PID,0,0,1,13,13,43,176889.9988
2004,S,Always Small Vendor,Duns,0,0,1,22,3,36,236844.7158
2010,S,Always Small Vendor,PID,0,1,1,306,306,34143,3374545750.3728
2009,U,Unlabeled Vendor,Duns,1,1,1,12,1,19,7693678.8929
2000,S,Always Small Vendor,PID,0,0,1,61,61,196,1856773.0000
2014,M,Medium Vendor,PID,0,0,1,23,23,69,175612.6400
2011,S,Always Small Vendor,PDuns,1,0,1,124,124,215,-889239.5807
2015,M,Medium Vendor,PID,0,1,1,512,512,1068037,31602690357.7406
2015,N,Sometimes Small Vendor,PDuns,1,1,1,131,139,2595,210463555.6100
2003,N,Sometimes Small Vendor,PID,0,0,0,2,2,10,11195.0000
1990,L,Large Vendor,PID,NULL,0,0,1,1,NULL,NULL
2009,S,Always Small Vendor,PID,NULL,0,0,8,8,0,2000.0000
2016,S,Always Small Vendor,PDuns,0,0,1,17491,17521,77939,161760535.6086
2009,S,Always Small Vendor,PDuns,1,1,1,447,447,814,131227938.0209
2012,M,Medium Vendor,PID,0,1,1,540,540,53684,32567447663.0013
2015,L,Large Vendor,PDuns,0,0,1,2,5,217,110142343.7300
1998,B,Big Five,PID,NULL,1,1,5,5,20702,36132486815.0000
2005,M,Medium Vendor,PID,0,1,1,470,470,44934,18755900415.9063
2016,M,Medium Vendor,PDuns,NULL,0,1,30,30,2,45839.0203
2009,U,Unlabeled Vendor,Duns,0,0,1,5,1,5,25087.6696
2008,U,Unlabeled Vendor,Duns,1,1,1,35,2,102,2358585.0521
2015,U,Unlabeled Vendor,Name,0,1,1,1,1,3,38224.0900
1997,M,Medium Vendor,PDuns,NULL,0,1,523,524,561,14037300.0000
2010,L,Large Vendor,PID,0,1,1,268,268,801223,177738046316.2001
2004,B,Big Five,PDuns,0,0,1,1,4,6,221742.0000
1993,L,Large Vendor,PID,NULL,1,1,130,130,340,43258751357.0000
2004,S,Always Small Vendor,PID,NULL,0,1,2,2,0,11729.5000
2011,M,Medium Vendor,Duns,1,0,0,2,2,2,2079.0901
2006,M,Medium Vendor,PDuns,NULL,0,0,523,524,362,265402.3071
2002,S,Always Small Vendor,PDuns,0,1,1,33133,33447,191135,24625946171.1057
2005,S,Always Small Vendor,PID,0,0,1,71,71,393,1905395.5353
1992,S,Always Small Vendor,PDuns,NULL,0,1,91,92,NULL,1114799.0000
2015,S,Always Small Vendor,PDuns,0,0,0,6720,6731,19192,20947588.6800
2005,M,Medium Vendor,PID,NULL,0,1,2,2,1,17500.0000
2004,M,Medium Vendor,PDuns,1,0,0,1827,1827,3390,2053224.1195
2002,M,Medium Vendor,PDuns,NULL,0,0,501,504,21,49194.5000
1997,J,Large: Big 5 JV,PID,NULL,1,1,4,4,83,777473053.0000
2006,S,Always Small Vendor,PID,NULL,1,1,9,9,0,2693015.5000
1998,S,Always Small Vendor,PDuns,NULL,1,1,15893,16227,58441,10702460188.0000
2004,S,Always Small Vendor,Duns,1,0,0,2,2,2,71.7200
2009,N,Sometimes Small Vendor,PDuns,1,1,1,421,442,8847,591292809.5464
1999,M,Medium Vendor,PID,NULL,0,1,5,5,5,142390.0000
2008,U,Unlabeled Vendor,Name,0,0,0,1,1,1,0.0000
2003,M,Medium Vendor,PDuns,NULL,1,1,444,448,116,25356315.4605
2015,S,Always Small Vendor,PDuns,NULL,0,1,113,113,0,196435.5100
2001,J,Large: Big 5 JV,PID,0,1,1,4,4,75,1291831691.0000
2012,N,Sometimes Small Vendor,PDuns,0,0,1,1903,2020,13233,46156460.5218
2011,N,Sometimes Small Vendor,PDuns,0,0,1,2347,2488,14896,59459424.9165
2012,S,Always Small Vendor,Duns,NULL,0,0,3,3,0,0.0000
2009,S,Always Small Vendor,PID,NULL,1,1,18,18,0,9039329.4687
2003,M,Medium Vendor,PDuns,1,0,1,1213,1215,2614,35268458.2500
2014,L,Large Vendor,PDuns,NULL,1,1,2,2,8,12018.9800
2006,N,Sometimes Small Vendor,Name,0,0,0,9,3,33,-9775.1002
2005,U,Unlabeled Vendor,Duns,1,1,1,21,2,50,2176997.8808
2005,M,Medium Vendor,PID,0,0,0,16,16,47,-16573.1300
2001,M,Medium Vendor,PDuns,1,1,1,4008,4037,13516,3342679630.2908
1995,M,Medium Vendor,PID,NULL,0,1,1,1,1,27789.0000
1996,J,Large: Big 5 JV,PID,NULL,1,1,2,2,77,480900547.0000
2008,S,Always Small Vendor,PDuns,1,0,0,152,152,238,144047.6496
2007,S,Always Small Vendor,Name,0,0,1,6,2,8,15480.8301
2008,S,Always Small Vendor,PID,0,1,1,386,386,32825,2779478455.5168
1997,N,Sometimes Small Vendor,Duns,NULL,1,1,2,2,2861,2697298445.0000
2000,N,Sometimes Small Vendor,PID,0,1,1,728,728,75520,21103071462.5817
2004,N,Sometimes Small Vendor,Duns,0,1,1,6,4,36965,2348518750.3477
2009,N,Sometimes Small Vendor,PDuns,0,0,1,2396,2567,15758,86879355.1020
2016,M,Medium Vendor,PID,0,0,1,14,14,30,64439.4205
2013,M,Medium Vendor,Duns,NULL,0,0,4,4,1,2900.0000
2004,N,Sometimes Small Vendor,Duns,1,0,0,2,1,4,10635.0000
2011,M,Medium Vendor,PID,0,0,0,17,17,45,-70015.3800
2014,S,Always Small Vendor,PID,0,0,0,2,2,2,3195.0000
2013,S,Always Small Vendor,PDuns,0,0,1,21169,21215,48038,198286868.3000
1994,N,Sometimes Small Vendor,PDuns,NULL,1,1,2205,4350,53431,13230715971.0000
2012,M,Medium Vendor,Duns,NULL,0,1,1,1,0,10711.2305
2011,S,Always Small Vendor,PDuns,0,0,0,12763,12805,36405,25146612.5793
2007,N,Sometimes Small Vendor,PDuns,NULL,0,0,16,16,0,0.0000
2012,M,Medium Vendor,Duns,0,0,0,1,1,1,4854.7202
2010,N,Sometimes Small Vendor,PDuns,1,0,0,7,7,21,29923.5100
2012,S,Always Small Vendor,PDuns,0,0,1,25506,25574,68410,252688248.8018
2001,N,Sometimes Small Vendor,Duns,0,1,1,3,3,3423,1438598256.2075
1990,M,Medium Vendor,PDuns,NULL,1,1,3861,6158,2,10733028964.0000
2013,S,Always Small Vendor,Duns,0,1,1,11,11,21,778623.2000
2010,S,Always Small Vendor,PDuns,1,0,1,216,216,300,3203229.2821
2014,N,Sometimes Small Vendor,PDuns,0,0,0,215,217,1226,914083.8800
2010,M,Medium Vendor,Duns,0,0,1,1,1,1,14835.0000
2001,S,Always Small Vendor,PDuns,1,0,1,26,26,34,777627.0000
2008,U,Unlabeled Vendor,Name,0,1,1,6,1,21,-115807.7780
2006,L,Large Vendor,PDuns,0,0,1,2,41,245,26916752.8148
2002,U,Unlabeled Vendor,Name,0,0,0,11,1,13,321.0000
2007,L,Large Vendor,Duns,0,1,1,1,1,7953,277650106.4179
2016,M,Medium Vendor,PID,1,1,1,73,73,39256,1675088015.9578
2015,L,Large Vendor,PDuns,1,1,1,4,15,178,17922807.6000
2012,L,Large Vendor,PDuns,0,0,1,3,4,10,191861.0498
2005,S,Always Small Vendor,PDuns,NULL,0,1,2150,2151,8748,21615975.1903
2013,S,Always Small Vendor,PID,NULL,0,0,7,7,0,0.0000
2005,S,Always Small Vendor,PDuns,0,0,0,21222,21245,69650,87927647.0330
1998,L,Large Vendor,PDuns,NULL,1,1,62,280,3380,777794162.0000
2002,B,Big Five,PDuns,0,1,1,3,12,110,25291773.0000
2010,M,Medium Vendor,PDuns,1,0,1,1507,1522,3835,22683380.4991
2010,N,Sometimes Small Vendor,PID,0,0,1,14,14,65,299275.0805
2007,S,Always Small Vendor,PID,0,0,1,52,52,139,622742.2609
2005,L,Large Vendor,PID,NULL,1,1,1,1,0,2500000.0000
2007,M,Medium Vendor,PDuns,0,0,0,4255,4270,14400,16788779.9736
2004,S,Always Small Vendor,PID,0,0,0,33,33,84,-254516.8301
2016,M,Medium Vendor,PDuns,0,0,0,1421,1482,11476,335612145.9419
2003,S,Always Small Vendor,Duns,0,0,0,18,3,21,8006.0000
2004,M,Medium Vendor,PID,NULL,0,0,6,6,1,470.4000
2001,N,Sometimes Small Vendor,PID,0,0,1,7,7,34,821638.0000
1998,N,Sometimes Small Vendor,PID,NULL,1,1,429,429,35090,12376941687.0000
2003,L,Large Vendor,PID,1,1,1,17,17,1278,1551015316.9814
2011,S,Always Small Vendor,Name,0,0,1,1,1,1,10000.0000
2004,N,Sometimes Small Vendor,Name,0,1,1,1,1,19,1614809.1500
2002,M,Medium Vendor,PID,1,0,1,1,1,3,54000.0000
1999,N,Sometimes Small Vendor,Duns,NULL,1,1,2,2,2352,1504768827.0000
2014,L,Large Vendor,PID,0,0,0,1,1,1,-2005.0000
2012,M,Medium Vendor,PDuns,0,0,1,5089,5158,10894,45669447.3677
2011,S,Always Small Vendor,PID,1,0,1,2,2,2,14696.0000
2010,S,Always Small Vendor,PID,0,0,1,24,24,114,266924.9798
2006,S,Always Small Vendor,PID,0,0,0,27,27,74,72895.6000
2013,N,Sometimes Small Vendor,PID,0,1,1,712,712,184771,39971483211.4900
2008,M,Medium Vendor,PDuns,1,0,1,1596,1599,4931,17028661.0218
2011,M,Medium Vendor,PDuns,NULL,1,1,1263,1293,203,133745023.8894
1993,S,Always Small Vendor,PDuns,NULL,0,1,63,64,9,2303339.0000
2005,U,Unlabeled Vendor,Duns,0,0,1,133,2,291,1618412.4399
2010,M,Medium Vendor,PDuns,NULL,0,1,41,41,2,177956.6402
1992,S,Always Small Vendor,PID,NULL,0,1,2,2,NULL,52132.0000
2002,U,Unlabeled Vendor,Duns,0,0,0,3,2,2,549.7500
2001,S,Always Small Vendor,PID,0,0,1,59,59,125,1452979.0000
2011,J,Large: Big 5 JV,PID,0,1,1,12,12,2507,6658232488.0723
2005,L,Large Vendor,PID,1,1,1,15,15,1584,1391084087.3918
2010,S,Always Small Vendor,PDuns,0,1,1,67562,68241,1239681,52041814411.7453
1996,S,Always Small Vendor,PDuns,NULL,0,1,1271,1277,1387,29448262.0000
2011,S,Always Small Vendor,PDuns,NULL,0,1,202,202,1,788906.9398
2013,M,Medium Vendor,Duns,1,0,0,8,8,9,10219.8900
2004,L,Large Vendor,PID,0,1,1,233,233,309113,110400571063.9734
2014,N,Sometimes Small Vendor,PDuns,NULL,0,1,1,1,0,15000.0000
2000,L,Large Vendor,PDuns,1,1,1,2,5,23,3129960.0000
2009,S,Always Small Vendor,PDuns,NULL,1,1,3694,3696,77,195066582.9335
1990,S,Always Small Vendor,PID,NULL,0,0,1,1,NULL,0.0000
2007,S,Always Small Vendor,Duns,1,1,1,23,2,81,1624895.3140
2003,B,Big Five,PDuns,0,0,1,1,1,1,3595.0000
2002,J,Large: Big 5 JV,PID,1,1,1,1,1,17,42250316.0000
2000,M,Medium Vendor,PID,0,1,1,585,585,14336,12211900640.2135
2002,S,Always Small Vendor,PID,NULL,0,0,2,2,1,0.0000
1997,S,Always Small Vendor,PID,NULL,0,0,1,1,1,26195.0000
2015,U,Unlabeled Vendor,Name,1,0,0,1,1,2,5689.3300
2007,M,Medium Vendor,PID,NULL,1,1,12,12,0,51943035.7129
2011,N,Sometimes Small Vendor,PDuns,1,1,1,186,192,5245,442575992.6400
2015,M,Medium Vendor,PDuns,1,0,1,955,954,2365,9515008.4300
2004,S,Always Small Vendor,Name,1,1,1,24,3,27,5600519.2656
2006,S,Always Small Vendor,PDuns,1,0,1,174,174,241,1679800.1287
2013,L,Large Vendor,PID,0,1,1,262,262,9285147,145561181519.2801
2009,L,Large Vendor,PID,1,1,1,19,19,1911,7172654468.2252
2003,N,Sometimes Small Vendor,PDuns,NULL,0,0,21,22,8,3207.3999
2002,N,Sometimes Small Vendor,PDuns,0,0,0,50,54,319,465518.0000
2006,L,Large Vendor,PID,0,0,1,3,3,64,60319.4197
2005,M,Medium Vendor,PID,1,0,1,7,7,23,153977.9898
2016,M,Medium Vendor,PDuns,1,0,1,844,845,4614,5570787.0449
2005,L,Large Vendor,PDuns,0,0,1,7,7,78,18356457.0502
2009,S,Always Small Vendor,Duns,0,1,1,7,2,24,231692.8902
2006,U,Unlabeled Vendor,Name,1,0,0,14,1,24,55507.1195
2007,U,Unlabeled Vendor,Name,1,1,1,7,2,21,1454253.4771
1992,M,Medium Vendor,PID,NULL,1,1,200,200,2,8555095593.0000
2003,S,Always Small Vendor,PDuns,0,0,1,20536,20603,59697,559201710.6651
2000,M,Medium Vendor,PDuns,0,1,1,9592,10303,61970,16414830819.5997
2003,M,Medium Vendor,PID,1,1,1,54,54,1810,1299692595.0390
2003,N,Sometimes Small Vendor,Duns,0,0,1,1,1,5,18345.0000
2004,S,Always Small Vendor,Name,1,0,1,11,1,11,97599.4404
2006,U,Unlabeled Vendor,Duns,1,1,1,13,2,29,755033.7703
2000,S,Always Small Vendor,PID,NULL,0,0,2,2,0,0.0000
2015,L,Large Vendor,PID,0,0,0,1,1,1,0.0000
2002,U,Unlabeled Vendor,Duns,1,1,1,1,1,2,115000.0000
2009,S,Always Small Vendor,PDuns,1,0,0,128,128,166,124895.6502
2016,B,Big Five,PID,0,1,1,6,6,189723,106219509265.5553
2000,M,Medium Vendor,PDuns,1,0,0,47,47,68,-3160983.1300
2010,M,Medium Vendor,Duns,0,1,1,5,5,7,215197.5722
1999,S,Always Small Vendor,PID,NULL,0,0,3,3,4,16820.0000
2006,S,Always Small Vendor,Name,0,0,1,95,3,127,66097.3302
2007,M,Medium Vendor,PDuns,1,0,1,1602,1606,4002,15082138.8798
2002,S,Always Small Vendor,PDuns,1,0,0,11,11,13,-13127.0000
2002,N,Sometimes Small Vendor,Name,0,1,1,1,1,900,323610703.0000
2013,M,Medium Vendor,PDuns,NULL,1,1,1329,1353,695,315712833.1900
2016,N,Sometimes Small Vendor,PDuns,0,1,1,12757,19581,2268656,54294956196.4610
2013,N,Sometimes Small Vendor,PDuns,0,0,1,1678,1776,10218,35874437.2600
2005,S,Always Small Vendor,Duns,0,1,1,56,3,102,3744747.3588
2010,M,Medium Vendor,PDuns,0,0,0,2790,2849,5041,43653289.5969
2010,N,Sometimes Small Vendor,PDuns,NULL,0,0,24,27,0,15300.0000
2016,S,Always Small Vendor,PID,1,1,1,3,3,8,6865994.0000
2003,S,Always Small Vendor,Name,0,0,1,12,2,17,150466.0000
1999,S,Always Small Vendor,PDuns,NULL,0,0,161,161,274,-2036092.0000
2000,L,Large Vendor,PID,1,1,1,12,12,1292,776210013.0000
2013,L,Large Vendor,Duns,0,1,1,1,1,5492,274042050.3300
2009,M,Medium Vendor,Duns,0,0,0,1,1,1,3500.0000
2004,M,Medium Vendor,PDuns,0,1,1,9908,10741,91678,14398141158.3708
2003,S,Always Small Vendor,PID,NULL,0,0,3,3,0,0.0000
2007,J,Large: Big 5 JV,PID,1,1,1,1,1,18,61705756.0000
2012,N,Sometimes Small Vendor,PID,1,0,1,2,2,7,3619.1801
2011,M,Medium Vendor,Duns,0,1,1,4,4,6,-486647.1666
2009,S,Always Small Vendor,Name,0,1,1,3,2,3,278199.9834
1988,L,Large Vendor,PID,NULL,1,1,9,9,NULL,2460000.0000
2000,S,Always Small Vendor,PDuns,0,0,1,7705,7721,16812,239471780.4896
2005,N,Sometimes Small Vendor,PDuns,NULL,0,0,92,92,288,250545.8397
1998,S,Always Small Vendor,PID,NULL,1,1,309,309,3154,1083942324.0000
2005,J,Large: Big 5 JV,PID,1,1,1,1,1,16,45342189.0000
2008,S,Always Small Vendor,PID,1,1,1,1,1,1,-2565.0000
2012,M,Medium Vendor,PID,0,0,0,15,15,43,41163.1222
2010,M,Medium Vendor,PDuns,0,0,1,5668,6092,25163,549351565.8088
2012,S,Always Small Vendor,Duns,0,0,1,6,6,6,36260.5000
2006,N,Sometimes Small Vendor,PDuns,0,0,1,3240,3575,103157,140343682.6590
2007,S,Always Small Vendor,PDuns,1,1,1,447,459,1143,94642482.8976
2010,N,Sometimes Small Vendor,PDuns,NULL,0,1,2,2,0,24000.0000
2012,L,Large Vendor,PDuns,0,0,0,1,4,44,1095064.4744
2013,N,Sometimes Small Vendor,PID,NULL,1,1,1,1,0,0.0000
2003,L,Large Vendor,PDuns,1,1,1,3,9,84,20156344.0000
2002,B,Big Five,PID,0,1,1,5,5,39414,65622989501.8939
2006,M,Medium Vendor,Duns,0,1,1,1,1,2,1606901.0000
1991,M,Medium Vendor,PDuns,NULL,0,0,24,24,NULL,-2562208.0000
1998,L,Large Vendor,PID,NULL,0,1,1,1,1,29204.0000
1997,L,Large Vendor,PID,NULL,0,0,1,1,1,-39000.0000
2001,S,Always Small Vendor,PDuns,0,1,1,30838,31111,157321,23122305457.5732
2003,S,Always Small Vendor,PDuns,1,1,1,160,160,233,33740559.0000
2011,S,Always Small Vendor,PID,0,0,0,10,10,24,-17840.9601
2009,M,Medium Vendor,PDuns,NULL,0,0,596,599,73,41093187.5459
2002,M,Medium Vendor,PID,0,0,0,12,12,19,-135488.0000
2013,N,Sometimes Small Vendor,PDuns,1,0,1,23,23,73,234137.5000
2008,S,Always Small Vendor,Duns,1,0,0,3,1,3,4655.5000
2014,N,Sometimes Small Vendor,PDuns,0,0,1,1481,1571,9917,36777339.0800
2007,N,Sometimes Small Vendor,PID,0,0,0,5,5,32,22677.4900
2009,N,Sometimes Small Vendor,PDuns,NULL,0,1,4,4,0,48150.0000
2001,L,Large Vendor,PID,0,1,1,214,214,124320,66520560216.4847
2009,N,Sometimes Small Vendor,PDuns,0,0,0,538,558,3443,593120.5003
2015,M,Medium Vendor,PDuns,0,0,0,1666,1678,3735,-39954.9100
1997,B,Big Five,PID,NULL,1,1,6,6,19511,32138431090.0000
2007,U,Unlabeled Vendor,Duns,1,0,0,102,2,126,141491.8699
2015,J,Large: Big 5 JV,PID,0,1,1,13,13,3180,7597832306.1100
2008,B,Big Five,PDuns,0,1,1,5,11,301,14602185.2331
2001,S,Always Small Vendor,Name,0,1,1,1,1,0,0.0000
2013,S,Always Small Vendor,PDuns,1,0,1,101,101,157,690729.8500
1993,M,Medium Vendor,PID,NULL,1,1,212,212,55,8230478085.0000
2014,S,Always Small Vendor,PID,0,0,1,16,16,27,99216.9900
2000,M,Medium Vendor,PID,NULL,1,1,3,3,0,542000.0000
2009,S,Always Small Vendor,PDuns,0,1,1,65488,66207,1227290,48841134128.0287
2016,M,Medium Vendor,PID,0,0,0,8,8,13,-53741.5696
2006,S,Always Small Vendor,Duns,1,0,0,1,1,1,0.0000
2016,S,Always Small Vendor,PDuns,NULL,1,1,5708,5717,188,78961973.4072
2003,L,Large Vendor,Duns,0,1,1,1,1,207,172804548.0000
2007,M,Medium Vendor,PID,1,0,1,1,1,1,11625.3896
2011,B,Big Five,PDuns,0,1,1,7,21,306,22061131.6157
2014,N,Sometimes Small Vendor,PDuns,1,1,1,143,148,2754,269272735.7800
2011,L,Large Vendor,Duns,0,1,1,1,1,7094,283090482.5642
2013,M,Medium Vendor,PID,0,0,1,32,32,63,248332.0000
2004,U,Unlabeled Vendor,Name,0,1,1,37,3,60,3373635.8117
2015,M,Medium Vendor,PDuns,NULL,0,1,33,33,2,71336.5100
2015,N,Sometimes Small Vendor,PDuns,NULL,1,1,56,60,2,2805473.0600
2009,N,Sometimes Small Vendor,PID,0,0,1,16,16,205,454858.2210
2015,N,Sometimes Small Vendor,Duns,0,1,1,2,2,69065,1262256302.0300
2005,N,Sometimes Small Vendor,PID,0,1,1,1056,1056,339209,46837958610.5216
2008,M,Medium Vendor,PDuns,0,1,1,12113,13567,774536,21965845133.6255
2009,U,Unlabeled Vendor,Duns,1,0,1,6,1,8,35110.0000
2000,M,Medium Vendor,PDuns,NULL,1,1,150,154,11,19077950.3321
2012,M,Medium Vendor,PDuns,1,0,1,1313,1315,4556,11493232.3508
2014,N,Sometimes Small Vendor,Duns,0,1,1,3,3,86642,1588489746.2000
2005,N,Sometimes Small Vendor,Duns,0,1,1,17,4,211612,8638549609.7995
2014,L,Large Vendor,PID,0,1,1,255,255,11393416,139131717557.8196
2006,N,Sometimes Small Vendor,Duns,0,0,0,2,1,4,-187.1600
2008,N,Sometimes Small Vendor,PDuns,NULL,1,1,49,54,2,10086319.1206
2001,L,Large Vendor,Duns,1,1,1,1,1,144,124311920.0000
2007,S,Always Small Vendor,Name,0,0,0,6,1,7,8417.4100
2005,N,Sometimes Small Vendor,Name,0,0,0,38,3,141,62768.7803
2012,N,Sometimes Small Vendor,PDuns,NULL,1,1,74,80,4,8028614.2198
2003,S,Always Small Vendor,Name,0,0,0,35,3,45,30199.0000
2007,S,Always Small Vendor,PID,NULL,1,1,6,6,0,0.0000
2012,M,Medium Vendor,PID,1,1,1,170,170,45417,6100068425.2532
2002,S,Always Small Vendor,PDuns,1,0,1,57,57,91,1619620.5298
2000,S,Always Small Vendor,PDuns,1,1,1,218,218,247,28319418.0000
1995,S,Always Small Vendor,PDuns,NULL,0,0,183,183,257,-19383024.0000
2001,M,Medium Vendor,PDuns,0,1,1,9465,10160,62544,14856573545.3206
2005,M,Medium Vendor,PID,1,0,0,2,2,2,4914.0000
1996,NULL,NULL,PDuns,NULL,NULL,NULL,1,1,54,4538442.0000
1993,M,Medium Vendor,PDuns,NULL,1,1,3757,29353,610,26339596610.0000
2004,M,Medium Vendor,PDuns,NULL,1,1,990,991,568,113837671.6869
2011,U,Unlabeled Vendor,Name,0,1,1,2,1,5,-125572.0898
2004,N,Sometimes Small Vendor,PID,0,1,1,1033,1033,185523,40939368037.0570
2006,M,Medium Vendor,PDuns,NULL,0,1,202,202,338,1452862.0794
1993,S,Always Small Vendor,PDuns,NULL,0,0,57,57,7,-3596929.0000
2014,S,Always Small Vendor,PDuns,0,0,1,20603,20649,47651,199229876.7500
2011,L,Large Vendor,PID,NULL,1,1,3,3,0,0.0000
2008,U,Unlabeled Vendor,Name,1,0,0,1,1,1,460.0000
2005,N,Sometimes Small Vendor,Duns,0,0,1,12,2,50,255270.1481
2002,U,Unlabeled Vendor,Name,0,1,1,7,2,6,1029853.5664
2012,N,Sometimes Small Vendor,Duns,0,1,1,4,3,138025,4541455166.9011
2005,U,Unlabeled Vendor,Name,1,1,1,38,2,162,3757928.6602
2003,M,Medium Vendor,PID,1,0,1,5,5,7,148848.0000
2008,U,Unlabeled Vendor,Duns,0,0,0,10,2,13,7204.0200
1994,S,Always Small Vendor,PDuns,NULL,1,1,15976,16298,57756,12019290316.0000
2002,J,Large: Big 5 JV,PID,0,0,0,1,1,1,-526000.0000
2007,B,Big Five,PDuns,0,1,1,7,31,935,166764827.2341
1996,N,Sometimes Small Vendor,PDuns,NULL,0,1,9,9,30,-1475486.0000
2010,N,Sometimes Small Vendor,PDuns,0,0,0,546,566,3117,2626764.4091
2010,N,Sometimes Small Vendor,Duns,0,1,1,5,4,286202,6053682760.0834
2005,B,Big Five,PDuns,0,1,1,2,16,606,184778066.8246
2015,B,Big Five,PID,0,1,1,5,5,93338,89472094259.3502
2011,N,Sometimes Small Vendor,PID,0,1,1,830,830,1273217,56859122525.4093
2006,U,Unlabeled Vendor,Duns,0,1,1,26,3,46,2524040.6040
1998,N,Sometimes Small Vendor,PDuns,NULL,0,1,11,11,24,669303.0000
2002,U,Unlabeled Vendor,Duns,0,1,1,4,2,3,1071577.7969
2012,M,Medium Vendor,PID,NULL,1,1,16,16,1,87035400.0000
2013,N,Sometimes Small Vendor,PDuns,0,0,0,322,330,2066,1539761.9300
2006,U,Unlabeled Vendor,Name,1,1,1,23,3,80,1301005.1978
2000,B,Big Five,PID,0,1,1,5,5,28740,46002974504.4967
2007,S,Always Small Vendor,PID,1,1,1,1,1,1,27367.0000
1990,B,Big Five,PDuns,NULL,1,1,5,22,NULL,272499000.0000
2013,M,Medium Vendor,Duns,NULL,1,1,2,2,2,211213.6500
2004,S,Always Small Vendor,Name,0,0,1,44,2,60,213807.8493
2007,M,Medium Vendor,PDuns,NULL,0,1,82,82,32,175412.5694
2003,N,Sometimes Small Vendor,PDuns,0,0,1,824,907,4840,36723471.1011
2000,L,Large Vendor,PDuns,0,1,1,48,287,4256,911904574.5718
2002,M,Medium Vendor,PDuns,0,0,0,922,926,1896,-3119752.0300
2003,M,Medium Vendor,PDuns,0,0,0,1866,1871,5054,1008085.8000
2004,L,Large Vendor,PDuns,0,1,1,65,528,7230,929885164.0080
2003,M,Medium Vendor,PDuns,NULL,0,1,60,60,64,583295.7304
2000,M,Medium Vendor,PID,1,1,1,50,50,575,579095324.0938
2008,S,Always Small Vendor,Name,0,0,1,1,1,1,-335.0000
2008,S,Always Small Vendor,PDuns,NULL,0,0,2545,2545,31,496252.4291
2009,L,Large Vendor,PID,NULL,1,1,2,2,0,223308.0000
2011,U,Unlabeled Vendor,Duns,0,0,0,2,2,7,-6068.0000
2003,S,Always Small Vendor,PID,0,0,1,66,66,159,1269237.4004
2002,N,Sometimes Small Vendor,Duns,0,1,1,3,3,2283,2033826541.7248
2012,S,Always Small Vendor,PID,0,1,1,259,259,32765,3703972142.5411
1994,B,Big Five,PID,NULL,1,1,5,5,7636,18817857883.0000
2000,U,Unlabeled Vendor,Duns,0,1,1,1,1,1,0.0000
1993,S,Always Small Vendor,PID,NULL,0,1,1,1,NULL,26100.0000
2007,B,Big Five,PID,0,1,1,5,5,81219,106569999340.1346
2015,M,Medium Vendor,PID,1,0,0,5,5,6,-27308.0900
2003,J,Large: Big 5 JV,PDuns,0,1,1,1,2,14,3902759.0000
2014,S,Always Small Vendor,PID,1,1,1,6,6,40,10139840.0800
2015,S,Always Small Vendor,Duns,NULL,0,0,1,1,0,0.0000
2016,N,Sometimes Small Vendor,PDuns,1,1,1,187,194,4792,392090276.2576
2007,S,Always Small Vendor,PDuns,NULL,1,1,4295,4298,165,165789907.8977
2002,M,Medium Vendor,PDuns,NULL,0,1,45,45,26,568373.9305
2007,N,Sometimes Small Vendor,PDuns,0,0,1,3066,3285,105364,105725649.2436
2002,M,Medium Vendor,PDuns,0,1,1,9296,10065,65880,14968133525.5424
2006,B,Big Five,PDuns,0,0,1,1,20,179,31539622.2067
1997,NULL,NULL,PID,NULL,NULL,NULL,1,1,11,6079744.0000
1992,S,Always Small Vendor,PDuns,NULL,0,0,99,100,1,-26411519.0000
2002,N,Sometimes Small Vendor,PDuns,0,0,1,424,454,3009,12310139.6590
2009,U,Unlabeled Vendor,Duns,0,0,0,7,3,9,-55843.8299
1997,S,Always Small Vendor,PID,NULL,0,1,11,11,11,302662.0000
2009,M,Medium Vendor,PID,1,1,1,67,67,18436,4761095476.9173
2004,M,Medium Vendor,PDuns,1,1,1,5551,5602,31949,5582385151.6136
2011,M,Medium Vendor,PDuns,1,0,1,1443,1443,5007,16608238.7941
2007,S,Always Small Vendor,PDuns,NULL,0,0,2517,2517,79,-133474.4411
1994,M,Medium Vendor,PID,NULL,0,0,1,1,2,0.0000
1991,M,Medium Vendor,PID,NULL,0,1,1,1,NULL,26000.0000
2008,M,Medium Vendor,PID,0,0,1,23,23,51,205848.1598
2006,S,Always Small Vendor,PDuns,0,0,1,35820,36012,258751,832362285.5591
2005,S,Always Small Vendor,PDuns,NULL,0,0,4193,4194,6836,6620749.6486
2001,N,Sometimes Small Vendor,PDuns,NULL,0,0,9,9,7,17134.4000
2002,S,Always Small Vendor,PID,0,1,1,557,557,11199,5740797559.6902
2004,N,Sometimes Small Vendor,Name,1,0,1,3,1,6,33150.0000
2003,S,Always Small Vendor,Name,1,1,1,13,1,19,719075.0000
2003,L,Large Vendor,PDuns,0,0,1,3,22,391,14769253.7803
2003,U,Unlabeled Vendor,Name,NULL,0,0,1,1,1,3632.1001
2001,J,Large: Big 5 JV,PDuns,0,1,1,1,3,35,9261051.0000
2010,L,Large Vendor,PID,1,1,1,19,19,1533,5837095143.0160
1993,S,Always Small Vendor,PDuns,NULL,1,1,3353,4252,988,3741077852.0000
2014,M,Medium Vendor,PDuns,1,0,1,991,995,2194,4291019.4700
2012,L,Large Vendor,PID,1,1,1,20,20,1760,4456945491.9259
2014,M,Medium Vendor,PID,1,0,0,4,4,6,-3348.8200
1998,L,Large Vendor,PDuns,NULL,0,1,1,3,4,179024.0000
1992,N,Sometimes Small Vendor,PDuns,NULL,1,1,1460,4451,NULL,11355774058.0000
2009,M,Medium Vendor,PID,0,0,0,12,12,14,-1483471.5900
2006,L,Large Vendor,PDuns,0,0,0,1,1,2,117328.0000
1990,L,Large Vendor,PID,NULL,1,1,106,106,NULL,47689802888.0000
2004,S,Always Small Vendor,PID,NULL,0,0,9,9,5,7951.9000
2011,S,Always Small Vendor,PID,NULL,0,1,1,1,0,10346.1104
2009,L,Large Vendor,PDuns,0,0,0,1,12,174,81891677.5677
2009,S,Always Small Vendor,Duns,1,1,1,2,1,4,1336147.3750
2008,M,Medium Vendor,Duns,0,1,1,2,2,4,4860.0000
2005,U,Unlabeled Vendor,Duns,0,0,0,186,2,290,-443453.8216
1991,J,Large: Big 5 JV,PID,NULL,1,1,2,2,NULL,337699000.0000
2008,N,Sometimes Small Vendor,PDuns,0,0,1,2946,3155,64726,89473181.8923
2008,U,Unlabeled Vendor,Duns,1,0,1,36,2,45,260062.4897
1994,B,Big Five,PDuns,NULL,1,1,4,29,201,113576668.0000
2007,S,Always Small Vendor,Name,1,0,1,1,1,1,10100.0000
2011,N,Sometimes Small Vendor,PDuns,NULL,1,1,78,93,0,1790406.2111
1993,B,Big Five,PDuns,NULL,1,1,3,26,NULL,357445124.0000
2005,L,Large Vendor,PDuns,1,1,1,2,2,32,17069492.9160
2005,N,Sometimes Small Vendor,Name,1,0,1,1,1,6,27974.7007
1999,L,Large Vendor,PID,NULL,0,1,1,1,1,28160.0000
1988,M,Medium Vendor,PID,NULL,1,1,2,2,NULL,-65000.0000
2013,N,Sometimes Small Vendor,PID,1,1,1,12,12,2061,771854593.4600
2015,S,Always Small Vendor,PID,0,0,0,4,4,5,-2201.0000
1991,N,Sometimes Small Vendor,PDuns,NULL,1,1,1537,4369,NULL,15461116923.0000
2004,S,Always Small Vendor,PDuns,NULL,0,1,1673,1676,5901,22663263.4709
1992,L,Large Vendor,PDuns,NULL,1,1,32,198,NULL,814518059.0000
2009,S,Always Small Vendor,Name,0,0,1,3,1,3,4906.7500
1999,N,Sometimes Small Vendor,PID,NULL,1,1,468,468,38989,13225174769.0000
2002,S,Always Small Vendor,PDuns,NULL,0,1,35,35,26,184904.0498
2016,S,Always Small Vendor,PID,0,0,0,4,4,5,-1695.0000
2008,S,Always Small Vendor,Name,0,1,1,2,2,5,138389.8799
2008,M,Medium Vendor,PID,1,0,0,1,1,1,0.0000
2000,S,Always Small Vendor,PID,NULL,1,1,4,4,0,0.0000
2000,B,Big Five,PDuns,0,1,1,2,2,36,5383410.0000
2016,J,Large: Big 5 JV,PDuns,0,1,1,1,6,156,55990996.5178
1995,N,Sometimes Small Vendor,Duns,NULL,1,1,2,2,7045,2834896911.0000
2011,M,Medium Vendor,PDuns,NULL,0,1,27,27,2,44814.5298
2006,S,Always Small Vendor,Name,1,0,1,3,1,5,854.0000
2009,M,Medium Vendor,Duns,0,1,1,4,4,5,273479.6504
2001,S,Always Small Vendor,PID,0,1,1,537,537,9667,2606314533.7724
2007,L,Large Vendor,PDuns,1,1,1,2,9,370,23850630.5827
2003,U,Unlabeled Vendor,Name,1,0,0,67,1,109,53303.0000
2004,U,Unlabeled Vendor,Duns,0,0,0,32,2,40,66889.1601
2004,M,Medium Vendor,PID,NULL,1,1,14,14,3,26263895.3021
2000,M,Medium Vendor,PDuns,1,1,1,3737,3774,12730,3301780831.5314
2014,S,Always Small Vendor,PID,NULL,1,1,11,11,0,321690.8900
2013,N,Sometimes Small Vendor,PID,0,0,1,3,3,12,20780.8700
2004,S,Always Small Vendor,PID,0,1,1,486,486,10152,3131446499.4029
2002,L,Large Vendor,PID,0,0,0,4,4,8,-1325497.0000
2012,U,Unlabeled Vendor,Duns,0,1,1,3,2,9,111150.4900
2005,S,Always Small Vendor,PDuns,0,1,1,45074,45585,2464629,33398142173.5150
1994,N,Sometimes Small Vendor,Duns,NULL,1,1,2,2,8526,1809399553.0000
2007,S,Always Small Vendor,Duns,1,0,1,43,1,67,281604.9600
2005,U,Unlabeled Vendor,Name,0,0,1,236,2,477,2333825.0891
1995,B,Big Five,PID,NULL,1,1,6,6,8806,18604012168.0000
2002,S,Always Small Vendor,PDuns,0,0,0,4409,4416,8222,-7244928.2801
2013,B,Big Five,PID,0,1,1,5,5,74553,103830243429.3200
1995,M,Medium Vendor,PDuns,NULL,0,1,247,248,263,5823635.0000
2011,M,Medium Vendor,PDuns,0,0,0,3074,3125,5984,82310640.8950
2010,M,Medium Vendor,PDuns,NULL,1,1,1161,1170,21,299235210.3114
2014,M,Medium Vendor,PID,NULL,0,0,2,2,0,0.0000
2003,S,Always Small Vendor,PID,1,1,1,2,2,2,163620.0000
2004,M,Medium Vendor,PDuns,0,0,1,3494,3580,10567,84944810.8033
2006,N,Sometimes Small Vendor,PID,0,0,0,4,4,28,-104235.0000
2006,U,Unlabeled Vendor,Duns,0,0,1,23,2,26,81582.0201
2003,S,Always Small Vendor,Name,1,0,1,15,3,26,289595.0000
1998,N,Sometimes Small Vendor,PID,NULL,0,1,1,1,2,52103.0000
1995,L,Large Vendor,PDuns,NULL,1,1,42,176,4952,1061701112.0000
2011,M,Medium Vendor,Duns,0,0,1,1,1,1,8650.0000
2001,N,Sometimes Small Vendor,PID,0,1,1,725,725,71674,23155413555.4310
1992,M,Medium Vendor,PDuns,NULL,0,0,22,22,1,-7293296.0000
2007,N,Sometimes Small Vendor,Duns,0,0,0,2,1,9,14218.7100
2014,NULL,NULL,PID,NULL,NULL,NULL,1,1,313,155601710.6000
2005,S,Always Small Vendor,Name,1,0,1,2,2,2,13223.5000
2000,S,Always Small Vendor,PDuns,NULL,0,0,681,681,44,58924.2903
2006,M,Medium Vendor,PID,0,0,1,30,30,131,658476.4683
2005,N,Sometimes Small Vendor,Name,0,1,1,13,1,108,3626315.7469
2014,M,Medium Vendor,PID,1,1,1,101,101,31403,3264040876.6000
2001,L,Large Vendor,PDuns,0,0,1,2,2,6,590000.0000
2016,N,Sometimes Small Vendor,PDuns,0,0,0,234,238,2738,1370431.4790
1998,N,Sometimes Small Vendor,Duns,NULL,1,1,1,1,2480,2266586927.0000
2006,N,Sometimes Small Vendor,PDuns,NULL,0,0,23,23,41,43900.4200
2007,S,Always Small Vendor,PDuns,0,0,1,32661,32788,168277,475729265.4468
2007,U,Unlabeled Vendor,Duns,1,1,1,43,3,71,4993203.3496
2005,M,Medium Vendor,PDuns,1,0,1,3013,3027,16665,71381202.7152
1997,M,Medium Vendor,Duns,NULL,1,1,1,1,116,119725780.0000
1990,M,Medium Vendor,PDuns,NULL,0,1,4,5,NULL,-1236000.0000
2007,U,Unlabeled Vendor,Name,1,0,0,4,1,4,2530.9100
2008,B,Big Five,PDuns,NULL,0,0,1,4,18,535841.9894
2009,M,Medium Vendor,PID,1,0,1,7,7,10,66421.7907
2001,M,Medium Vendor,PID,1,0,1,3,3,7,139175.0000
2010,S,Always Small Vendor,PID,NULL,0,0,9,9,0,2000.0000
2014,M,Medium Vendor,PDuns,0,0,0,1767,1793,3745,8388589.7900
1989,S,Always Small Vendor,PDuns,NULL,1,1,269,274,NULL,137886000.0000
2015,M,Medium Vendor,PID,0,0,1,18,18,65,113765.1900
2003,U,Unlabeled Vendor,Duns,1,0,1,10,1,14,193013.0000
2000,L,Large Vendor,PID,1,0,1,1,1,1,28160.0000
2013,M,Medium Vendor,Duns,1,1,1,24,24,51,1791573.4000
2003,N,Sometimes Small Vendor,PID,0,1,1,946,946,131861,47162131357.1281
2007,L,Large Vendor,PDuns,0,0,1,1,1,13,50978.2100
2009,M,Medium Vendor,PDuns,0,0,1,5380,5451,11430,61290498.4564
2014,S,Always Small Vendor,PDuns,NULL,0,0,1375,1374,0,18127.8100
2001,L,Large Vendor,PDuns,1,1,1,4,10,202,127268736.6094
1998,S,Always Small Vendor,PDuns,NULL,0,0,189,189,279,-9993983.0000
1988,N,Sometimes Small Vendor,PDuns,NULL,1,1,1,5,NULL,521000.0000
2003,S,Always Small Vendor,PDuns,NULL,1,1,2202,2202,141,33968486.8662
2015,U,Unlabeled Vendor,Duns,0,0,0,1,1,1,1221.0000
2013,S,Always Small Vendor,PID,NULL,1,1,12,12,0,39428.0000
2005,U,Unlabeled Vendor,Duns,1,0,1,19,2,108,829655.8006
1991,B,Big Five,PID,NULL,1,1,6,6,NULL,18455984964.0000
2013,L,Large Vendor,PDuns,0,1,1,88,718,22354,1859459440.6100
1998,NULL,NULL,PID,NULL,NULL,NULL,1,1,14,5654107.0000
2002,L,Large Vendor,PDuns,0,1,1,46,250,4405,1433444157.1299
2013,N,Sometimes Small Vendor,Duns,0,1,1,4,3,121921,2749550188.5800
1996,M,Medium Vendor,PID,NULL,0,0,1,1,2,-3503827.0000
1994,M,Medium Vendor,PDuns,NULL,0,1,195,197,204,5085433.0000
2009,M,Medium Vendor,PID,NULL,1,1,8,8,0,191958.6563
2001,M,Medium Vendor,PDuns,1,0,0,65,65,97,-2544087.9600
2003,S,Always Small Vendor,Duns,0,1,1,20,3,31,2445888.0000
2012,L,Large Vendor,PDuns,1,1,1,2,14,195,34257931.0790
2006,J,Large: Big 5 JV,PID,1,1,1,1,1,15,58224019.0000
2002,N,Sometimes Small Vendor,PDuns,NULL,1,1,18,19,45,9993794.6094
2004,N,Sometimes Small Vendor,Name,0,0,0,1,1,2,4771.0000
2016,L,Large Vendor,PID,0,1,1,240,240,10946076,138550071430.1727
2011,U,Unlabeled Vendor,Duns,0,1,1,3,3,10,283679.9024
2012,S,Always Small Vendor,PDuns,1,1,1,323,327,789,194767393.9904
2007,N,Sometimes Small Vendor,PDuns,NULL,1,1,49,54,6,3752191.8402
2008,S,Always Small Vendor,PDuns,0,0,1,31674,31784,129347,421727378.9714
2011,B,Big Five,PDuns,0,0,0,1,27,262,17841864.2749
1988,S,Always Small Vendor,PDuns,NULL,0,0,2,2,NULL,1447000.0000
2013,M,Medium Vendor,PDuns,0,0,0,2161,2193,4589,123726181.0000
2012,M,Medium Vendor,PID,1,0,1,31,31,53,204020.2008
2015,U,Unlabeled Vendor,Name,0,0,1,1,1,1,7892.5700
2016,S,Always Small Vendor,PDuns,1,1,1,316,317,995,179333249.6098
2003,L,Large Vendor,PID,0,1,1,229,229,227129,102436087202.4923
2010,M,Medium Vendor,PDuns,1,1,1,5178,5305,107919,5869910478.0890
2001,N,Sometimes Small Vendor,PDuns,0,1,1,4315,6297,106128,17104468395.2660
2015,N,Sometimes Small Vendor,PDuns,1,0,1,11,11,98,188673.6600
2011,S,Always Small Vendor,Duns,1,1,1,1,1,1,-683638.7500
1999,M,Medium Vendor,PDuns,NULL,0,1,511,514,554,23365860.0000
2012,L,Large Vendor,PID,NULL,0,0,1,1,0,0.0000
2007,S,Always Small Vendor,Duns,0,0,0,60,3,90,118547.3596
2009,J,Large: Big 5 JV,PID,1,1,1,1,1,17,65656433.3750
2013,M,Medium Vendor,Duns,0,0,1,3,3,5,7455.9400
2010,L,Large Vendor,PDuns,0,0,1,1,5,5,35985.0000
2016,U,Unlabeled Vendor,Duns,0,1,1,4,2,8,1111821.5127
2012,N,Sometimes Small Vendor,PDuns,1,1,1,165,169,2578,265364893.1271
2006,N,Sometimes Small Vendor,PDuns,0,1,1,11885,19234,2932803,38856420639.3048
2012,L,Large Vendor,PID,NULL,1,1,1,1,0,0.0000
2001,M,Medium Vendor,PDuns,NULL,0,0,474,474,48,687877.1399
1997,S,Always Small Vendor,PDuns,NULL,0,0,209,209,306,-4944201.0000
2010,B,Big Five,PID,0,1,1,5,5,88010,104191887557.9145
2012,M,Medium Vendor,PDuns,NULL,1,1,1154,1162,51,250441077.9573
2016,M,Medium Vendor,PID,1,0,1,6,6,9,-2387.1200
2000,J,Large: Big 5 JV,PDuns,0,1,1,1,5,55,9292131.0000
1996,M,Medium Vendor,PDuns,NULL,1,1,8473,10169,55596,13908800143.0000
2009,N,Sometimes Small Vendor,PDuns,1,0,1,63,63,286,780010.7989
2001,J,Large: Big 5 JV,PID,0,0,1,1,1,2,22000.0000
2013,M,Medium Vendor,PDuns,NULL,0,1,56,56,2,116433.7300
1997,M,Medium Vendor,PDuns,NULL,1,1,7978,9272,42217,10970235242.0000
2005,L,Large Vendor,PID,0,0,0,3,3,8,-62529.2800
2010,S,Always Small Vendor,PID,1,1,1,7,7,16,8867976.0000
2002,N,Sometimes Small Vendor,PDuns,1,1,1,33,35,729,39751765.0000
2013,M,Medium Vendor,PID,0,1,1,547,547,114001,31863116513.3300
2011,S,Always Small Vendor,Duns,1,0,0,1,1,1,-9778.9600
2014,M,Medium Vendor,PDuns,NULL,0,1,57,57,3,149457.8700
2010,N,Sometimes Small Vendor,PID,0,1,1,917,917,367805,57983650078.9951
2016,N,Sometimes Small Vendor,Duns,0,1,1,4,3,70320,1484958392.8744
2007,B,Big Five,PDuns,0,0,1,2,20,196,44597235.6877
1995,N,Sometimes Small Vendor,PDuns,NULL,0,0,2,2,4,-1445688.0000
2007,M,Medium Vendor,PID,0,0,0,18,18,48,52114.7815
2002,S,Always Small Vendor,Duns,0,0,0,3,1,0,0.0000
2005,S,Always Small Vendor,PDuns,1,0,0,55,55,107,179564.5599
2004,U,Unlabeled Vendor,Duns,1,0,1,12,2,20,96182.6399
2000,M,Medium Vendor,PDuns,0,0,1,1984,1999,4093,60223570.0025
2004,M,Medium Vendor,PID,1,1,1,62,62,833,1937519419.1690
2016,N,Sometimes Small Vendor,PDuns,1,0,1,9,9,107,240887.8903
2013,S,Always Small Vendor,PDuns,NULL,1,1,6116,6116,7,201872252.6800
2014,S,Always Small Vendor,PDuns,0,1,1,59623,60319,612740,50769861645.8419
2015,N,Sometimes Small Vendor,PID,0,1,1,618,618,268469,32453512190.1996
2007,M,Medium Vendor,PID,NULL,0,1,1,1,0,1611.0000
2013,L,Large Vendor,PID,0,0,1,2,2,10,11245.7300
2005,M,Medium Vendor,PDuns,NULL,0,1,617,618,1782,6119715.4272
2009,B,Big Five,PID,0,1,1,5,5,84640,114228573413.1280
2013,S,Always Small Vendor,Duns,0,0,1,7,7,7,27439.7800
2011,L,Large Vendor,PID,0,0,0,1,1,1,0.0000
2005,M,Medium Vendor,PDuns,0,0,0,3800,4080,18032,351027723.0442
2007,N,Sometimes Small Vendor,PDuns,1,1,1,589,614,13631,672846003.0193
2015,S,Always Small Vendor,PDuns,1,0,0,24,24,36,-389548.3300
2003,M,Medium Vendor,PID,0,0,0,17,17,54,-3750965.0000
2004,S,Always Small Vendor,Duns,1,1,1,5,1,6,758719.0781
2003,N,Sometimes Small Vendor,PDuns,0,1,1,6244,9727,218577,24149486431.7612
1998,M,Medium Vendor,PDuns,NULL,0,1,467,469,496,15499091.0000
2012,S,Always Small Vendor,PDuns,NULL,1,1,4618,4621,9,143103513.5047
1991,S,Always Small Vendor,PDuns,NULL,0,0,119,119,NULL,-95546380.0000
2015,U,Unlabeled Vendor,Duns,1,0,1,2,1,3,17433.0000
2005,N,Sometimes Small Vendor,PDuns,0,1,1,11272,17728,2800424,37071419453.2572
2000,N,Sometimes Small Vendor,PID,0,0,1,6,6,38,319704.0000
2006,L,Large Vendor,Duns,0,1,1,1,1,2520,222511071.2434
2002,N,Sometimes Small Vendor,PID,1,1,1,2,2,8,1568815.0000
2008,S,Always Small Vendor,Duns,0,1,1,8,2,15,259626.4102
2005,N,Sometimes Small Vendor,PID,0,0,1,29,29,291,1784288.1905
2009,S,Always Small Vendor,Duns,0,0,1,10,3,12,40556.0800
2014,N,Sometimes Small Vendor,PDuns,NULL,1,1,66,95,0,449532.0300
2011,N,Sometimes Small Vendor,PDuns,1,0,1,18,19,77,160145.6630
2005,N,Sometimes Small Vendor,PDuns,1,0,0,5,5,19,28740.4300
2008,S,Always Small Vendor,PID,0,0,1,43,43,117,567607.5405
2009,U,Unlabeled Vendor,Name,0,0,1,1,1,1,-340.9900
2006,S,Always Small Vendor,PDuns,1,1,1,263,263,602,61647899.6437
2000,S,Always Small Vendor,PID,1,1,1,8,8,9,859000.0000
2006,N,Sometimes Small Vendor,PDuns,1,0,0,12,12,36,52527.0000
2006,U,Unlabeled Vendor,Name,0,0,1,48,2,74,91580.1593
2004,L,Large Vendor,PID,0,0,1,4,4,36,42176.2500
2009,S,Always Small Vendor,PID,0,0,1,24,24,58,230966.7590
2014,M,Medium Vendor,PID,NULL,1,1,14,14,8,4869658.3900
2008,N,Sometimes Small Vendor,PDuns,1,1,1,496,511,10479,905831214.9723
2005,S,Always Small Vendor,PID,1,1,1,2,2,4,5497484.0391
2014,U,Unlabeled Vendor,Duns,1,1,1,1,1,6,822256.5300
2000,M,Medium Vendor,PID,0,0,1,55,55,187,1394433.0000
2003,B,Big Five,PDuns,0,1,1,3,9,69,16332516.0000
2011,L,Large Vendor,PDuns,0,1,1,95,495,32479,1145006550.3606
1999,L,Large Vendor,PID,NULL,1,1,192,192,60966,29099196973.0000
2009,S,Always Small Vendor,PDuns,0,0,1,32221,32322,84508,348562408.1888
2015,S,Always Small Vendor,PDuns,0,1,1,58252,58834,855505,50223358068.5325
2010,L,Large Vendor,PID,0,0,1,1,1,39,5912.4101
